-- phpMyAdmin SQL Dump
-- version 5.0.1
-- https://www.phpmyadmin.net/
--
-- Host: 127.0.0.1
-- Generation Time: Apr 08, 2020 at 07:26 AM
-- Server version: 10.4.11-MariaDB
-- PHP Version: 7.2.27

SET SQL_MODE = "NO_AUTO_VALUE_ON_ZERO";
SET AUTOCOMMIT = 0;
START TRANSACTION;
SET time_zone = "+00:00";


/*!40101 SET @OLD_CHARACTER_SET_CLIENT=@@CHARACTER_SET_CLIENT */;
/*!40101 SET @OLD_CHARACTER_SET_RESULTS=@@CHARACTER_SET_RESULTS */;
/*!40101 SET @OLD_COLLATION_CONNECTION=@@COLLATION_CONNECTION */;
/*!40101 SET NAMES utf8mb4 */;

--
-- Database: `taxi`
--

-- --------------------------------------------------------

--
-- Table structure for table `addresses`
--

CREATE TABLE `addresses` (
  `id` int(11) NOT NULL,
  `address` varchar(3000) NOT NULL,
  `latitude` varchar(300) NOT NULL,
  `longitude` varchar(300) NOT NULL,
  `status` int(11) NOT NULL DEFAULT 1,
  `created_at` timestamp NOT NULL DEFAULT current_timestamp(),
  `updated_at` timestamp NOT NULL DEFAULT current_timestamp()
) ENGINE=InnoDB DEFAULT CHARSET=latin1;

--
-- Dumping data for table `addresses`
--

INSERT INTO `addresses` (`id`, `address`, `latitude`, `longitude`, `status`, `created_at`, `updated_at`) VALUES
(1, 'Dubai - United Arab Emirates', '25.2048493', '55.2707828', 1, '2020-02-08 07:01:16', '2020-02-08 07:28:11'),
(2, 'Asad Jan Road, Lahore, Pakistan', '31.5241716', '74.3743046', 1, '2020-02-08 07:10:38', '2020-02-08 07:27:58'),
(3, 'Dadade, Maharashtra, India', '19.8541106', '73.0346244', 1, '2020-02-08 07:10:55', '2020-02-08 07:28:06'),
(4, 'Guadalajara, Jalisco, Mexico', '20.6596988', '-103.3496092', 1, '2020-02-08 07:18:13', '2020-02-08 07:28:08'),
(5, '79, Hazratganj, Lucknow, Uttar Pradesh 226001, India', '26.84769', '80.946246', 1, '2020-02-08 07:29:29', '2020-02-08 07:29:29'),
(6, 'Ludhiana, Punjab, India', '30.900965', '75.8572758', 1, '2020-02-08 07:49:53', '2020-02-08 07:58:08'),
(7, 'Master Canteen, Jan Path South, Master Canteen Area, Kharabela Nagar, Bhubaneswar, Odisha 751001, India', '20.274798', '85.8430001', 1, '2020-03-02 07:30:08', '2020-03-02 07:58:07');

-- --------------------------------------------------------

--
-- Table structure for table `booking_events`
--

CREATE TABLE `booking_events` (
  `id` int(11) NOT NULL,
  `booking_id` varchar(40) DEFAULT NULL,
  `customer_id` varchar(255) DEFAULT NULL,
  `activities_id` varchar(40) DEFAULT NULL,
  `start_date` timestamp NULL DEFAULT NULL,
  `end_date` timestamp NULL DEFAULT NULL,
  `start_time` time DEFAULT NULL,
  `end_time` time DEFAULT NULL,
  `event_data` varchar(50000) DEFAULT NULL,
  `resource` varchar(255) DEFAULT NULL,
  `taxi` varchar(255) DEFAULT NULL,
  `driver` varchar(255) DEFAULT NULL,
  `booking_type` varchar(255) DEFAULT NULL,
  `booking_status` enum('booking','completed','drive_time','delayed') NOT NULL DEFAULT 'booking',
  `status` int(11) NOT NULL DEFAULT 1,
  `created_at` timestamp NOT NULL DEFAULT current_timestamp(),
  `updated_at` timestamp NOT NULL DEFAULT current_timestamp()
) ENGINE=InnoDB DEFAULT CHARSET=latin1;

--
-- Dumping data for table `booking_events`
--

INSERT INTO `booking_events` (`id`, `booking_id`, `customer_id`, `activities_id`, `start_date`, `end_date`, `start_time`, `end_time`, `event_data`, `resource`, `taxi`, `driver`, `booking_type`, `booking_status`, `status`, `created_at`, `updated_at`) VALUES
(1, 'TOUR-03201211-1', '11', NULL, '2020-03-11 18:30:00', '2020-03-11 21:30:00', '00:00:00', '03:00:00', '{\"title\":\"Seliu Island\",\"end\":\"2020-03-12T03:00:00.000Z\",\"start\":\"2020-03-12T00:00:00.000Z\",\"allDay\":false,\"backgroundColor\":\"rgb(248, 203, 173)\",\"borderColor\":\"rgb(51, 51, 51)\",\"_id\":\"1154116466859\",\"className\":[],\"_allDay\":false,\"_start\":\"2020-03-12T00:00:00.000Z\",\"_end\":\"2020-03-12T03:00:00.000Z\"}', 'sfs', '2', '3', 'tour', 'delayed', 1, '2020-03-12 11:08:32', '2020-03-12 05:44:37'),
(2, 'TOUR-03201211-1', '11', NULL, '2020-03-12 18:30:00', '2020-03-13 00:30:00', '00:00:00', '06:00:00', '{\"title\":\"Fixed Price\",\"end\":\"2020-03-13T06:00:00.000Z\",\"start\":\"2020-03-13T00:00:00.000Z\",\"allDay\":false,\"backgroundColor\":\"rgb(189, 215, 238)\",\"borderColor\":\"rgb(51, 51, 51)\",\"_id\":\"502408715366\",\"className\":[],\"_allDay\":false,\"_start\":\"2020-03-13T00:00:00.000Z\",\"_end\":\"2020-03-13T06:00:00.000Z\"}', 'asdad', '1', '3', 'tour', 'booking', 1, '2020-03-12 11:08:32', '2020-03-13 08:04:36'),
(3, 'TOUR-03201211-1', '11', NULL, '2020-03-13 18:30:00', '2020-03-14 01:00:00', '00:00:00', '06:30:00', '{\"title\":\"Airport transfer from hotel\\/home\",\"end\":\"2020-03-14T06:30:00.000Z\",\"start\":\"2020-03-14T00:00:00.000Z\",\"allDay\":false,\"backgroundColor\":\"rgb(255, 217, 102)\",\"borderColor\":\"rgb(51, 51, 51)\",\"_id\":\"482997131170\",\"className\":[],\"_allDay\":false,\"_start\":\"2020-03-14T00:00:00.000Z\",\"_end\":\"2020-03-14T06:30:00.000Z\"}', 'camera', '3', '1', 'tour', 'completed', 1, '2020-03-12 11:08:32', '2020-03-13 23:57:49'),
(4, 'TOUR-03201211-1', '11', NULL, '2020-03-11 21:30:00', '2020-03-12 05:30:00', '03:00:00', '11:00:00', '{\"title\":\"Car rental (with driver)\",\"end\":\"2020-03-12T11:00:00.000Z\",\"start\":\"2020-03-12T03:00:00.000Z\",\"allDay\":false,\"backgroundColor\":\"rgb(255, 217, 102)\",\"borderColor\":\"rgb(51, 51, 51)\",\"_id\":\"37698943351\",\"className\":[],\"_allDay\":false,\"_start\":\"2020-03-12T03:00:00.000Z\",\"_end\":\"2020-03-12T11:00:00.000Z\"}', 'camera', '1', '2', 'tour', 'drive_time', 1, '2020-03-12 11:08:32', '2020-03-12 05:44:50'),
(5, 'TOUR-03201211-1', '11', NULL, '2020-03-13 00:30:00', '2020-03-13 07:30:00', '06:00:00', '13:00:00', '{\"title\":\"Airport transfer to hotel\\/home\",\"end\":\"2020-03-13T13:00:00.000Z\",\"start\":\"2020-03-13T06:00:00.000Z\",\"allDay\":false,\"backgroundColor\":\"rgb(255, 217, 102)\",\"borderColor\":\"rgb(51, 51, 51)\",\"_id\":\"217616451668\",\"className\":[],\"_allDay\":false,\"_start\":\"2020-03-13T06:00:00.000Z\",\"_end\":\"2020-03-13T13:00:00.000Z\"}', 'sdfsd', '2', '2', 'tour', 'drive_time', 1, '2020-03-12 11:08:32', '2020-03-12 05:43:05'),
(6, 'TOUR-03201211-1', '11', NULL, '2020-03-14 01:00:00', '2020-03-14 06:30:00', '06:30:00', '12:00:00', '{\"title\":\"Island hopping\",\"end\":\"2020-03-14T12:00:00.000Z\",\"start\":\"2020-03-14T06:30:00.000Z\",\"allDay\":false,\"backgroundColor\":\"rgb(248, 203, 173)\",\"borderColor\":\"rgb(51, 51, 51)\",\"_id\":\"769894894682\",\"className\":[],\"_allDay\":false,\"_start\":\"2020-03-14T06:30:00.000Z\",\"_end\":\"2020-03-14T12:00:00.000Z\"}', 'asda', '1', '2', 'tour', 'completed', 1, '2020-03-12 11:08:32', '2020-03-13 07:04:34'),
(7, 'TOUR-03201211-1', '11', NULL, '2020-03-13 07:30:00', '2020-03-13 12:00:00', '13:00:00', '17:30:00', '{\"title\":\"Seliu Island\",\"end\":\"2020-03-13T17:30:00.000Z\",\"start\":\"2020-03-13T13:00:00.000Z\",\"allDay\":false,\"backgroundColor\":\"rgb(248, 203, 173)\",\"borderColor\":\"rgb(51, 51, 51)\",\"_id\":\"569728441097\",\"className\":[],\"_allDay\":false,\"_start\":\"2020-03-13T13:00:00.000Z\",\"_end\":\"2020-03-13T17:30:00.000Z\"}', 'sdas', '1', '1', 'tour', 'drive_time', 1, '2020-03-12 11:08:32', '2020-03-12 05:43:24'),
(8, 'TOUR-03201211-1', '11', NULL, '2020-03-13 12:00:00', '2020-03-13 18:30:00', '17:30:00', '00:00:00', '{\"title\":\"Meter Taxi\",\"end\":\"2020-03-14T00:00:00.000Z\",\"start\":\"2020-03-13T17:30:00.000Z\",\"allDay\":false,\"backgroundColor\":\"rgb(189, 215, 238)\",\"borderColor\":\"rgb(51, 51, 51)\",\"_id\":\"1514316170221\",\"className\":[],\"_allDay\":false,\"_start\":\"2020-03-13T17:30:00.000Z\",\"_end\":\"2020-03-14T00:00:00.000Z\"}', 'sfs', '2', '3', 'tour', 'drive_time', 1, '2020-03-12 11:08:32', '2020-03-12 05:43:35'),
(9, 'TOUR-03201211-1', '11', NULL, '2020-03-14 06:30:00', '2020-03-14 18:30:00', '12:00:00', '00:00:00', '{\"title\":\"Airport transfer to hotel\\/home\",\"end\":\"2020-03-15T00:00:00.000Z\",\"start\":\"2020-03-14T12:00:00.000Z\",\"allDay\":false,\"backgroundColor\":\"rgb(255, 217, 102)\",\"borderColor\":\"rgb(51, 51, 51)\",\"_id\":\"236721999725\",\"className\":[],\"_allDay\":false,\"_start\":\"2020-03-14T12:00:00.000Z\",\"_end\":\"2020-03-15T00:00:00.000Z\"}', 'dsadad', '3', '3', 'tour', 'completed', 1, '2020-03-12 11:08:32', '2020-03-17 04:57:13'),
(10, 'TOUR-03201211-1', '11', NULL, '2020-03-12 05:30:00', '2020-03-12 18:30:00', '11:00:00', '00:00:00', '{\"title\":\"East Belitung\",\"end\":\"2020-03-13T00:00:00.000Z\",\"start\":\"2020-03-12T11:00:00.000Z\",\"allDay\":false,\"backgroundColor\":\"rgb(248, 203, 173)\",\"borderColor\":\"rgb(51, 51, 51)\",\"_id\":\"1522181904236\",\"className\":[],\"_allDay\":false,\"_start\":\"2020-03-12T11:00:00.000Z\",\"_end\":\"2020-03-13T00:00:00.000Z\"}', 'hello', '2', '1', 'tour', 'drive_time', 1, '2020-03-12 11:08:32', '2020-03-12 05:44:59'),
(11, 'CAB-03201211-1', '3', NULL, '2020-03-13 02:00:00', '2020-03-13 02:00:00', '07:30:00', '07:30:00', '', 'dads,dfd', '1', '3', 'taxi', 'drive_time', 1, '2020-03-12 05:39:29', '2020-03-12 05:44:21'),
(12, 'CAB-03201211-2', '6', NULL, '2020-03-13 18:30:00', '2020-03-13 21:00:00', '22:30:00', '22:30:00', '', 'sad', '2', '2', 'taxi', 'completed', 1, '2020-03-12 05:41:00', '2020-03-17 04:59:33'),
(25, 'CAB-03201406-3', '5', NULL, '2020-03-15 22:00:00', '2020-03-16 01:00:00', '10:00:00', '10:00:00', '', 'camera', '2', '3', 'taxi', 'completed', 1, '2020-03-14 01:13:11', '2020-03-17 05:35:47'),
(26, 'CAB-03201406-4', '12', NULL, '2020-03-18 04:30:00', '2020-03-18 04:30:00', '10:00:00', '10:00:00', '', NULL, NULL, NULL, 'taxi', 'booking', 0, '2020-03-14 01:29:58', '2020-03-14 01:52:20'),
(27, 'TOUR-03201406-2', '13', NULL, '2020-03-14 18:30:00', '2020-03-15 00:30:00', '00:00:00', '06:00:00', '{\"title\":\"Seliu Island\",\"end\":\"2020-03-15T06:00:00.000Z\",\"start\":\"2020-03-15T00:00:00.000Z\",\"allDay\":false,\"backgroundColor\":\"rgb(248, 203, 173)\",\"borderColor\":\"rgb(51, 51, 51)\",\"_id\":\"347041900282\",\"className\":[],\"_allDay\":false,\"_start\":\"2020-03-15T00:00:00.000Z\",\"_end\":\"2020-03-15T06:00:00.000Z\"}', NULL, NULL, NULL, 'tour', 'booking', 1, '2020-03-14 10:39:12', '2020-03-14 10:39:12'),
(28, 'TOUR-03201406-2', '13', NULL, '2020-03-15 00:30:00', '2020-03-15 11:00:00', '06:00:00', '16:30:00', '{\"title\":\"Airport transfer from hotel\\/home\",\"end\":\"2020-03-15T16:30:00.000Z\",\"start\":\"2020-03-15T06:00:00.000Z\",\"allDay\":false,\"backgroundColor\":\"rgb(255, 217, 102)\",\"borderColor\":\"rgb(51, 51, 51)\",\"_id\":\"757080739045\",\"className\":[],\"_allDay\":false,\"_start\":\"2020-03-15T06:00:00.000Z\",\"_end\":\"2020-03-15T16:30:00.000Z\"}', NULL, NULL, NULL, 'tour', 'booking', 1, '2020-03-14 10:39:12', '2020-03-14 10:39:12'),
(29, 'TOUR-03201406-2', '13', NULL, '2020-03-15 11:00:00', '2020-03-15 18:30:00', '16:30:00', '00:00:00', '{\"title\":\"Meter Taxi\",\"end\":\"2020-03-16T00:00:00.000Z\",\"start\":\"2020-03-15T16:30:00.000Z\",\"allDay\":false,\"backgroundColor\":\"rgb(189, 215, 238)\",\"borderColor\":\"rgb(51, 51, 51)\",\"_id\":\"810784487881\",\"className\":[],\"_allDay\":false,\"_start\":\"2020-03-15T16:30:00.000Z\",\"_end\":\"2020-03-16T00:00:00.000Z\"}', NULL, NULL, NULL, 'tour', 'booking', 1, '2020-03-14 10:39:12', '2020-03-14 10:39:12'),
(30, 'TOUR-03201406-2', '13', NULL, '2020-03-17 03:30:00', '2020-03-17 13:30:00', '00:00:00', '10:00:00', '{\"title\":\"Seliu Island\",\"end\":\"2020-03-17T10:00:00.000Z\",\"start\":\"2020-03-17T00:00:00.000Z\",\"allDay\":false,\"backgroundColor\":\"rgb(248, 203, 173)\",\"borderColor\":\"rgb(51, 51, 51)\",\"_id\":\"736134608957\",\"className\":[],\"_allDay\":false,\"_start\":\"2020-03-17T00:00:00.000Z\",\"_end\":\"2020-03-17T10:00:00.000Z\"}', 'sads', '1', '3', 'tour', 'completed', 1, '2020-03-14 10:39:12', '2020-03-18 06:33:19'),
(31, 'TOUR-03201406-2', '13', NULL, '2020-03-15 18:30:00', '2020-03-16 01:30:00', '00:00:00', '08:00:00', '{\"title\":\"Meter Taxi\",\"end\":\"2020-03-16T08:00:00.000Z\",\"start\":\"2020-03-16T00:00:00.000Z\",\"allDay\":false,\"backgroundColor\":\"rgb(189, 215, 238)\",\"borderColor\":\"rgb(51, 51, 51)\",\"_id\":\"12294334192\",\"className\":[],\"_allDay\":false,\"_start\":\"2020-03-16T00:00:00.000Z\",\"_end\":\"2020-03-16T08:00:00.000Z\"}', 'camera', '3', '3', 'tour', 'completed', 1, '2020-03-14 10:39:12', '2020-03-16 08:29:03'),
(32, 'TOUR-03201406-2', '13', NULL, '2020-03-17 22:30:00', '2020-03-18 04:00:00', '00:00:00', '05:30:00', '{\"title\":\"Car rental (self drive)\",\"end\":\"2020-03-18T05:30:00.000Z\",\"start\":\"2020-03-18T00:00:00.000Z\",\"allDay\":false,\"backgroundColor\":\"rgb(255, 217, 102)\",\"borderColor\":\"rgb(51, 51, 51)\",\"_id\":\"953245354305\",\"className\":[],\"_allDay\":false,\"_start\":\"2020-03-18T00:00:00.000Z\",\"_end\":\"2020-03-18T05:30:00.000Z\"}', 'awdaw', '3', '3', 'tour', 'completed', 1, '2020-03-14 10:39:12', '2020-03-19 00:37:31'),
(33, 'TOUR-03201406-2', '13', NULL, '2020-03-15 22:30:00', '2020-03-16 11:30:00', '08:00:00', '21:00:00', '{\"title\":\"Airport transfer from hotel\\/home\",\"end\":\"2020-03-16T21:00:00.000Z\",\"start\":\"2020-03-16T08:00:00.000Z\",\"allDay\":false,\"backgroundColor\":\"rgb(255, 217, 102)\",\"borderColor\":\"rgb(51, 51, 51)\",\"_id\":\"997299926403\",\"className\":[],\"_allDay\":false,\"_start\":\"2020-03-16T08:00:00.000Z\",\"_end\":\"2020-03-16T21:00:00.000Z\"}', 'jeep', '1', '1', 'tour', 'completed', 1, '2020-03-14 10:39:12', '2020-03-17 02:52:30'),
(34, 'TOUR-03201406-2', '13', NULL, '2020-03-17 08:30:00', '2020-03-17 12:30:00', '10:00:00', '19:00:00', '{\"title\":\"Fixed Price\",\"end\":\"2020-03-17T19:00:00.000Z\",\"start\":\"2020-03-17T10:00:00.000Z\",\"allDay\":false,\"backgroundColor\":\"rgb(189, 215, 238)\",\"borderColor\":\"rgb(51, 51, 51)\",\"_id\":\"948633276776\",\"className\":[],\"_allDay\":false,\"_start\":\"2020-03-17T10:00:00.000Z\",\"_end\":\"2020-03-17T19:00:00.000Z\",\"lunchYN\":\"Yes\",\"lunchskl\":\"Yes\",\"spMeal\":\"Chick. N\",\"selfDrvYN\":\"Yes\",\"actDivingYN\":\"Yes\",\"actFishYN\":\"Yes\"}', 'adawd,gdfg', '3', '1', 'tour', 'completed', 1, '2020-03-14 10:39:12', '2020-03-18 06:54:52'),
(35, 'TOUR-03201406-2', '13', NULL, '2020-03-17 22:30:00', '2020-03-18 01:00:00', '05:30:00', '21:30:00', '{\"title\":\"East Belitung\",\"end\":\"2020-03-18T21:30:00.000Z\",\"start\":\"2020-03-18T05:30:00.000Z\",\"allDay\":false,\"backgroundColor\":\"rgb(248, 203, 173)\",\"borderColor\":\"rgb(51, 51, 51)\",\"_id\":\"804465323278\",\"className\":[],\"_allDay\":false,\"_start\":\"2020-03-18T05:30:00.000Z\",\"_end\":\"2020-03-18T21:30:00.000Z\"}', 'wdwf', '1', '2', 'tour', 'drive_time', 1, '2020-03-14 10:39:12', '2020-03-19 00:38:30'),
(36, 'TOUR-03201406-2', '13', NULL, '2020-03-17 08:00:00', '2020-03-17 13:00:00', '19:00:00', '00:00:00', '{\"title\":\"Airport transfer to hotel\\/home\",\"end\":\"2020-03-18T00:00:00.000Z\",\"start\":\"2020-03-17T19:00:00.000Z\",\"allDay\":false,\"backgroundColor\":\"rgb(255, 217, 102)\",\"borderColor\":\"rgb(51, 51, 51)\",\"_id\":\"214882891476\",\"className\":[],\"_allDay\":false,\"_start\":\"2020-03-17T19:00:00.000Z\",\"_end\":\"2020-03-18T00:00:00.000Z\"}', 'sff', '2', '3', 'tour', 'completed', 1, '2020-03-14 10:39:12', '2020-03-17 07:29:13'),
(37, 'TOUR-03201406-2', '13', NULL, '2020-03-16 02:00:00', '2020-03-16 05:00:00', '21:00:00', '00:00:00', '{\"title\":\"Meter Taxi\",\"end\":\"2020-03-17T00:00:00.000Z\",\"start\":\"2020-03-16T21:00:00.000Z\",\"allDay\":false,\"backgroundColor\":\"rgb(189, 215, 238)\",\"borderColor\":\"rgb(51, 51, 51)\",\"_id\":\"855897438102\",\"className\":[],\"_allDay\":false,\"_start\":\"2020-03-16T21:00:00.000Z\",\"_end\":\"2020-03-17T00:00:00.000Z\"}', 'ada', '2', '2', 'tour', 'completed', 1, '2020-03-14 10:39:12', '2020-03-17 02:52:38'),
(38, 'TOUR-03201406-2', '13', NULL, '2020-03-17 21:30:00', '2020-03-18 01:30:00', '21:30:00', '00:00:00', '{\"title\":\"Meter Taxi\",\"end\":\"2020-03-19T00:00:00.000Z\",\"start\":\"2020-03-18T21:30:00.000Z\",\"allDay\":false,\"backgroundColor\":\"rgb(189, 215, 238)\",\"borderColor\":\"rgb(51, 51, 51)\",\"_id\":\"211953742294\",\"className\":[],\"_allDay\":false,\"_start\":\"2020-03-18T21:30:00.000Z\",\"_end\":\"2020-03-19T00:00:00.000Z\"}', 'sffd', '3', '3', 'tour', 'completed', 1, '2020-03-14 10:39:12', '2020-03-19 00:35:47'),
(39, 'CAB-03201606-5', '7', NULL, '2020-03-18 23:00:00', '2020-03-19 01:30:00', '04:30:00', '07:00:00', '', 'camera', '2', '3', 'taxi', 'drive_time', 1, '2020-03-16 01:25:38', '2020-03-17 23:50:29'),
(40, 'CAB-03201711-6', '3', NULL, '2020-03-20 00:15:00', '2020-03-20 00:16:00', '05:45:00', '05:46:00', '', 'ads', '2', '3', 'taxi', 'drive_time', 0, '2020-03-17 05:48:23', '2020-03-18 02:23:28'),
(41, 'CAB-03201711-7', '3', NULL, '2020-03-20 00:15:00', '2020-03-20 01:15:00', '05:45:00', '06:45:00', '', 'acAS', '3', '2', 'taxi', 'drive_time', 0, '2020-03-17 05:48:24', '2020-03-18 02:36:18'),
(42, 'CAB-03201701-8', '14', NULL, '2020-03-20 19:58:00', '2020-03-21 01:58:00', '05:15:00', '11:15:00', '', 'ssd', '1', '2', 'taxi', 'drive_time', 1, '2020-03-17 07:32:54', '2020-03-21 04:46:43'),
(43, 'TOUR-03201701-3', '15', NULL, '2020-03-20 19:00:00', '2020-03-21 03:30:00', '09:30:00', '11:00:00', '{\"title\":\"Fixed Price\",\"end\":\"2020-03-21T18:00:00.000Z\",\"start\":\"2020-03-21T09:30:00.000Z\",\"allDay\":false,\"backgroundColor\":\"rgb(189, 215, 238)\",\"borderColor\":\"rgb(51, 51, 51)\",\"_id\":\"1099893630877\",\"className\":[],\"_allDay\":false,\"_start\":\"2020-03-21T09:30:00.000Z\",\"_end\":\"2020-03-21T18:00:00.000Z\"}', 'sad', '2', '1', 'tour', 'completed', 1, '2020-03-17 13:05:38', '2020-03-21 01:03:56'),
(44, 'TOUR-03201701-3', '15', NULL, '2020-03-22 08:00:00', '2020-03-22 18:30:00', '13:30:00', '00:00:00', '{\"title\":\"Night river cruise\",\"end\":\"2020-03-23T00:00:00.000Z\",\"start\":\"2020-03-22T13:30:00.000Z\",\"allDay\":false,\"backgroundColor\":\"rgb(248, 203, 173)\",\"borderColor\":\"rgb(51, 51, 51)\",\"_id\":\"1147657446359\",\"className\":[],\"_allDay\":false,\"_start\":\"2020-03-22T13:30:00.000Z\",\"_end\":\"2020-03-23T00:00:00.000Z\",\"lunchYN\":\"Yes\",\"lunchskl\":\"Yes\",\"spMeal\":\"Chick. N\",\"selfDrvYN\":\"Yes\",\"actDivingYN\":\"Yes\",\"actFishYN\":\"Yes\"}', NULL, NULL, NULL, 'tour', 'booking', 1, '2020-03-17 13:05:38', '2020-03-17 13:05:38'),
(45, 'TOUR-03201701-3', '15', NULL, '2020-03-21 06:00:00', '2020-03-21 12:00:00', '18:00:00', '00:00:00', '{\"title\":\"Airport transfer from hotel\\/home\",\"end\":\"2020-03-22T00:00:00.000Z\",\"start\":\"2020-03-21T18:00:00.000Z\",\"allDay\":false,\"backgroundColor\":\"rgb(255, 217, 102)\",\"borderColor\":\"rgb(51, 51, 51)\",\"_id\":\"1424640531162\",\"className\":[],\"_allDay\":false,\"_start\":\"2020-03-21T18:00:00.000Z\",\"_end\":\"2020-03-22T00:00:00.000Z\"}', 'AS', '1', '3', 'tour', 'completed', 1, '2020-03-17 13:05:38', '2020-03-21 01:04:34'),
(46, 'TOUR-03201701-3', '15', NULL, '2020-03-21 23:00:00', '2020-03-22 08:00:00', '04:30:00', '13:30:00', '{\"title\":\"Airport transfer to hotel\\/home\",\"end\":\"2020-03-22T13:30:00.000Z\",\"start\":\"2020-03-22T04:30:00.000Z\",\"allDay\":false,\"backgroundColor\":\"rgb(255, 217, 102)\",\"borderColor\":\"rgb(51, 51, 51)\",\"_id\":\"933551867728\",\"className\":[],\"_allDay\":false,\"_start\":\"2020-03-22T04:30:00.000Z\",\"_end\":\"2020-03-22T13:30:00.000Z\",\"lunchYN\":\"Yes\",\"lunchskl\":\"Yes\",\"spMeal\":\"Chick. N\",\"selfDrvYN\":\"Yes\",\"actDivingYN\":\"Yes\",\"actFishYN\":\"Yes\"}', NULL, NULL, NULL, 'tour', 'booking', 1, '2020-03-17 13:05:38', '2020-03-17 13:05:38'),
(47, 'TOUR-03201701-3', '15', NULL, '2020-03-20 19:00:00', '2020-03-20 21:00:00', '00:00:00', '02:30:00', '{\"title\":\"South Belitung\",\"end\":\"2020-03-21T09:30:00.000Z\",\"start\":\"2020-03-21T00:00:00.000Z\",\"allDay\":false,\"backgroundColor\":\"rgb(248, 203, 173)\",\"borderColor\":\"rgb(51, 51, 51)\",\"_id\":\"1486771811415\",\"className\":[],\"_allDay\":false,\"_start\":\"2020-03-21T00:00:00.000Z\",\"_end\":\"2020-03-21T09:30:00.000Z\"}', 'sdffds', '2', '2', 'tour', 'completed', 1, '2020-03-17 13:05:38', '2020-03-21 01:03:52'),
(48, 'TOUR-03201701-3', '15', NULL, '2020-03-21 18:30:00', '2020-03-21 23:00:00', '00:00:00', '04:30:00', '{\"title\":\"Meter Taxi\",\"end\":\"2020-03-22T04:30:00.000Z\",\"start\":\"2020-03-22T00:00:00.000Z\",\"allDay\":false,\"backgroundColor\":\"rgb(189, 215, 238)\",\"borderColor\":\"rgb(51, 51, 51)\",\"_id\":\"5162387406\",\"className\":[],\"_allDay\":false,\"_start\":\"2020-03-22T00:00:00.000Z\",\"_end\":\"2020-03-22T04:30:00.000Z\"}', NULL, NULL, NULL, 'tour', 'booking', 1, '2020-03-17 13:05:38', '2020-03-17 13:05:38'),
(49, 'CAB-03201808-9', '7', NULL, '2020-03-17 22:30:00', '2020-03-17 22:30:00', '04:00:00', '04:00:00', '', NULL, NULL, NULL, 'taxi', 'booking', 1, '2020-03-18 02:45:01', '2020-03-18 02:45:01'),
(50, 'CAB-03201808-10', '16', NULL, '2020-03-17 22:45:00', '2020-03-18 05:15:00', '08:45:00', '10:45:00', '', 'dadsa', '2', '2', 'taxi', 'completed', 1, '2020-03-18 02:46:23', '2020-03-19 00:37:46'),
(51, 'CAB-03201808-11', '17', NULL, '2020-03-18 04:00:00', '2020-03-18 08:00:00', '11:00:00', '13:00:00', '', 'adad', '3', '3', 'taxi', 'completed', 1, '2020-03-18 02:47:33', '2020-03-19 00:31:39'),
(52, 'TOUR-03201902-5', '19', NULL, '2020-03-21 18:30:00', '2020-03-22 02:00:00', '00:00:00', '07:30:00', '{\"title\":\"South Belitung\",\"end\":\"2020-03-22T07:30:00.000Z\",\"start\":\"2020-03-22T00:00:00.000Z\",\"allDay\":false,\"backgroundColor\":\"rgb(248, 203, 173)\",\"borderColor\":\"rgb(51, 51, 51)\",\"_id\":\"1525775602763\",\"className\":[],\"_allDay\":false,\"_start\":\"2020-03-22T00:00:00.000Z\",\"_end\":\"2020-03-22T07:30:00.000Z\"}', NULL, NULL, NULL, 'tour', 'booking', 1, '2020-03-19 14:05:28', '2020-03-19 14:05:28'),
(53, 'TOUR-03201902-5', '19', NULL, '2020-03-22 18:30:00', '2020-03-23 03:30:00', '00:00:00', '09:00:00', '{\"title\":\"Fixed Price\",\"end\":\"2020-03-23T09:00:00.000Z\",\"start\":\"2020-03-23T00:00:00.000Z\",\"allDay\":false,\"backgroundColor\":\"rgb(189, 215, 238)\",\"borderColor\":\"rgb(51, 51, 51)\",\"_id\":\"1026581022872\",\"className\":[],\"_allDay\":false,\"_start\":\"2020-03-23T00:00:00.000Z\",\"_end\":\"2020-03-23T09:00:00.000Z\"}', 'dfsdf', '3', '3', 'tour', 'completed', 1, '2020-03-19 14:05:28', '2020-03-22 23:54:19'),
(54, 'TOUR-03201902-5', '19', NULL, '2020-03-22 02:00:00', '2020-03-22 11:30:00', '07:30:00', '17:00:00', '{\"title\":\"Airport transfer to hotel\\/home\",\"end\":\"2020-03-22T17:00:00.000Z\",\"start\":\"2020-03-22T07:30:00.000Z\",\"allDay\":false,\"backgroundColor\":\"rgb(255, 217, 102)\",\"borderColor\":\"rgb(51, 51, 51)\",\"_id\":\"1356889458554\",\"className\":[],\"_allDay\":false,\"_start\":\"2020-03-22T07:30:00.000Z\",\"_end\":\"2020-03-22T17:00:00.000Z\"}', NULL, NULL, NULL, 'tour', 'booking', 1, '2020-03-19 14:05:28', '2020-03-19 14:05:28'),
(55, 'TOUR-03201902-5', '19', NULL, '2020-03-23 03:30:00', '2020-03-23 12:30:00', '09:00:00', '18:00:00', '{\"title\":\"Night river cruise\",\"end\":\"2020-03-23T18:00:00.000Z\",\"start\":\"2020-03-23T09:00:00.000Z\",\"allDay\":false,\"backgroundColor\":\"rgb(248, 203, 173)\",\"borderColor\":\"rgb(51, 51, 51)\",\"_id\":\"128168534001\",\"className\":[],\"_allDay\":false,\"_start\":\"2020-03-23T09:00:00.000Z\",\"_end\":\"2020-03-23T18:00:00.000Z\"}', 'dsfs', '2', '2', 'tour', 'completed', 1, '2020-03-19 14:05:28', '2020-03-22 23:53:52'),
(56, 'TOUR-03201902-5', '19', NULL, '2020-03-22 11:30:00', '2020-03-22 18:30:00', '17:00:00', '00:00:00', '{\"title\":\"Fixed Price\",\"end\":\"2020-03-23T00:00:00.000Z\",\"start\":\"2020-03-22T17:00:00.000Z\",\"allDay\":false,\"backgroundColor\":\"rgb(189, 215, 238)\",\"borderColor\":\"rgb(51, 51, 51)\",\"_id\":\"39577997590\",\"className\":[],\"_allDay\":false,\"_start\":\"2020-03-22T17:00:00.000Z\",\"_end\":\"2020-03-23T00:00:00.000Z\"}', NULL, NULL, NULL, 'tour', 'booking', 1, '2020-03-19 14:05:28', '2020-03-19 14:05:28'),
(57, 'TOUR-03201902-5', '19', NULL, '2020-03-23 12:30:00', '2020-03-23 18:30:00', '18:00:00', '00:00:00', '{\"title\":\"Motorbike rental\",\"end\":\"2020-03-24T00:00:00.000Z\",\"start\":\"2020-03-23T18:00:00.000Z\",\"allDay\":false,\"backgroundColor\":\"rgb(255, 217, 102)\",\"borderColor\":\"rgb(51, 51, 51)\",\"_id\":\"100889278033\",\"className\":[],\"_allDay\":false,\"_start\":\"2020-03-23T18:00:00.000Z\",\"_end\":\"2020-03-24T00:00:00.000Z\"}', 'sfs', '3', '3', 'tour', 'completed', 1, '2020-03-19 14:05:28', '2020-03-22 23:53:58'),
(58, 'TOUR-03202012-6', '20', NULL, '2020-03-22 18:30:00', '2020-03-23 04:30:00', '00:00:00', '10:00:00', '{\"title\":\"Tarsiers encounters\",\"end\":\"2020-03-23T10:00:00.000Z\",\"start\":\"2020-03-23T00:00:00.000Z\",\"allDay\":false,\"backgroundColor\":\"rgb(248, 203, 173)\",\"borderColor\":\"rgb(51, 51, 51)\",\"_id\":\"907142051985\",\"className\":[],\"_allDay\":false,\"_start\":\"2020-03-23T00:00:00.000Z\",\"_end\":\"2020-03-23T10:00:00.000Z\"}', 'add', '3', '3', 'tour', 'completed', 1, '2020-03-20 12:15:12', '2020-03-22 23:53:34'),
(59, 'TOUR-03202012-6', '20', NULL, '2020-03-23 18:30:00', '2020-03-24 06:30:00', '00:00:00', '12:00:00', '{\"title\":\"Fixed Price\",\"end\":\"2020-03-24T12:00:00.000Z\",\"start\":\"2020-03-24T00:00:00.000Z\",\"allDay\":false,\"backgroundColor\":\"rgb(189, 215, 238)\",\"borderColor\":\"rgb(51, 51, 51)\",\"_id\":\"919671430512\",\"className\":[],\"_allDay\":false,\"_start\":\"2020-03-24T00:00:00.000Z\",\"_end\":\"2020-03-24T12:00:00.000Z\"}', NULL, NULL, NULL, 'tour', 'booking', 1, '2020-03-20 12:15:12', '2020-03-20 12:15:12'),
(60, 'TOUR-03202012-6', '20', NULL, '2020-03-23 04:30:00', '2020-03-23 13:30:00', '10:00:00', '19:00:00', '{\"title\":\"Airport transfer from hotel\\/home\",\"end\":\"2020-03-23T19:00:00.000Z\",\"start\":\"2020-03-23T10:00:00.000Z\",\"allDay\":false,\"backgroundColor\":\"rgb(255, 217, 102)\",\"borderColor\":\"rgb(51, 51, 51)\",\"_id\":\"1340738770650\",\"className\":[],\"_allDay\":false,\"_start\":\"2020-03-23T10:00:00.000Z\",\"_end\":\"2020-03-23T19:00:00.000Z\"}', 'sfdf', '1', '1', 'tour', 'completed', 1, '2020-03-20 12:15:12', '2020-03-22 23:54:07'),
(61, 'TOUR-03202012-6', '20', NULL, '2020-03-24 06:30:00', '2020-03-24 14:00:00', '12:00:00', '19:30:00', '{\"title\":\"South Belitung\",\"end\":\"2020-03-24T19:30:00.000Z\",\"start\":\"2020-03-24T12:00:00.000Z\",\"allDay\":false,\"backgroundColor\":\"rgb(248, 203, 173)\",\"borderColor\":\"rgb(51, 51, 51)\",\"_id\":\"307101601066\",\"className\":[],\"_allDay\":false,\"_start\":\"2020-03-24T12:00:00.000Z\",\"_end\":\"2020-03-24T19:30:00.000Z\"}', NULL, NULL, NULL, 'tour', 'booking', 1, '2020-03-20 12:15:12', '2020-03-20 12:15:12'),
(62, 'TOUR-03202012-6', '20', NULL, '2020-03-23 13:30:00', '2020-03-23 18:30:00', '19:00:00', '00:00:00', '{\"title\":\"Fixed Price\",\"end\":\"2020-03-24T00:00:00.000Z\",\"start\":\"2020-03-23T19:00:00.000Z\",\"allDay\":false,\"backgroundColor\":\"rgb(189, 215, 238)\",\"borderColor\":\"rgb(51, 51, 51)\",\"_id\":\"259977257140\",\"className\":[],\"_allDay\":false,\"_start\":\"2020-03-23T19:00:00.000Z\",\"_end\":\"2020-03-24T00:00:00.000Z\"}', 'sfs', '2', '2', 'tour', 'completed', 1, '2020-03-20 12:15:12', '2020-03-22 23:54:02'),
(63, 'TOUR-03202012-6', '20', NULL, '2020-03-24 14:00:00', '2020-03-24 18:30:00', '19:30:00', '00:00:00', '{\"title\":\"Car rental (with driver)\",\"end\":\"2020-03-25T00:00:00.000Z\",\"start\":\"2020-03-24T19:30:00.000Z\",\"allDay\":false,\"backgroundColor\":\"rgb(255, 217, 102)\",\"borderColor\":\"rgb(51, 51, 51)\",\"_id\":\"1065502737539\",\"className\":[],\"_allDay\":false,\"_start\":\"2020-03-24T19:30:00.000Z\",\"_end\":\"2020-03-25T00:00:00.000Z\"}', NULL, NULL, NULL, 'tour', 'booking', 1, '2020-03-20 12:15:12', '2020-03-20 12:15:12'),
(64, 'TOUR-03202012-7', '21', NULL, '2020-03-22 18:30:00', '2020-03-23 03:00:00', '00:00:00', '08:30:00', '{\"title\":\"South Belitung\",\"end\":\"2020-03-23T08:30:00.000Z\",\"start\":\"2020-03-23T00:00:00.000Z\",\"allDay\":false,\"backgroundColor\":\"rgb(248, 203, 173)\",\"borderColor\":\"rgb(51, 51, 51)\",\"_id\":\"1182862313827\",\"className\":[],\"_allDay\":false,\"_start\":\"2020-03-23T00:00:00.000Z\",\"_end\":\"2020-03-23T08:30:00.000Z\"}', 'dsfs', '2', '2', 'tour', 'completed', 1, '2020-03-20 12:35:02', '2020-03-22 23:54:13'),
(65, 'TOUR-03202012-7', '21', NULL, '2020-03-23 18:30:00', '2020-03-24 06:30:00', '00:00:00', '12:00:00', '{\"title\":\"Meter Taxi\",\"end\":\"2020-03-24T12:00:00.000Z\",\"start\":\"2020-03-24T00:00:00.000Z\",\"allDay\":false,\"backgroundColor\":\"rgb(189, 215, 238)\",\"borderColor\":\"rgb(51, 51, 51)\",\"_id\":\"1448316463080\",\"className\":[],\"_allDay\":false,\"_start\":\"2020-03-24T00:00:00.000Z\",\"_end\":\"2020-03-24T12:00:00.000Z\"}', NULL, NULL, NULL, 'tour', 'booking', 1, '2020-03-20 12:35:02', '2020-03-20 12:35:02'),
(66, 'TOUR-03202012-7', '21', NULL, '2020-03-25 18:30:00', '2020-03-25 22:30:00', '00:00:00', '04:00:00', '{\"title\":\"Night river cruise\",\"end\":\"2020-03-26T04:00:00.000Z\",\"start\":\"2020-03-26T00:00:00.000Z\",\"allDay\":false,\"backgroundColor\":\"rgb(248, 203, 173)\",\"borderColor\":\"rgb(51, 51, 51)\",\"_id\":\"1393434027538\",\"className\":[],\"_allDay\":false,\"_start\":\"2020-03-26T00:00:00.000Z\",\"_end\":\"2020-03-26T04:00:00.000Z\"}', NULL, NULL, NULL, 'tour', 'booking', 1, '2020-03-20 12:35:02', '2020-03-20 12:35:02'),
(67, 'TOUR-03202012-7', '21', NULL, '2020-03-24 18:30:00', '2020-03-25 04:00:00', '00:00:00', '09:30:00', '{\"title\":\"Airport transfer to hotel\\/home\",\"end\":\"2020-03-25T09:30:00.000Z\",\"start\":\"2020-03-25T00:00:00.000Z\",\"allDay\":false,\"backgroundColor\":\"rgb(255, 217, 102)\",\"borderColor\":\"rgb(51, 51, 51)\",\"_id\":\"462779319970\",\"className\":[],\"_allDay\":false,\"_start\":\"2020-03-25T00:00:00.000Z\",\"_end\":\"2020-03-25T09:30:00.000Z\"}', NULL, NULL, NULL, 'tour', 'booking', 1, '2020-03-20 12:35:02', '2020-03-20 12:35:02'),
(68, 'TOUR-03202012-7', '21', NULL, '2020-03-25 22:30:00', '2020-03-26 05:00:00', '04:00:00', '10:30:00', '{\"title\":\"Meter Taxi\",\"end\":\"2020-03-26T10:30:00.000Z\",\"start\":\"2020-03-26T04:00:00.000Z\",\"allDay\":false,\"backgroundColor\":\"rgb(189, 215, 238)\",\"borderColor\":\"rgb(51, 51, 51)\",\"_id\":\"1309433209328\",\"className\":[],\"_allDay\":false,\"_start\":\"2020-03-26T04:00:00.000Z\",\"_end\":\"2020-03-26T10:30:00.000Z\"}', NULL, NULL, NULL, 'tour', 'booking', 1, '2020-03-20 12:35:02', '2020-03-20 12:35:02'),
(69, 'TOUR-03202012-7', '21', NULL, '2020-03-23 03:00:00', '2020-03-23 18:30:00', '08:30:00', '00:00:00', '{\"title\":\"Car rental (self drive)\",\"end\":\"2020-03-24T00:00:00.000Z\",\"start\":\"2020-03-23T08:30:00.000Z\",\"allDay\":false,\"backgroundColor\":\"rgb(255, 217, 102)\",\"borderColor\":\"rgb(51, 51, 51)\",\"_id\":\"227305315308\",\"className\":[],\"_allDay\":false,\"_start\":\"2020-03-23T08:30:00.000Z\",\"_end\":\"2020-03-24T00:00:00.000Z\"}', NULL, NULL, NULL, 'tour', 'booking', 1, '2020-03-20 12:35:02', '2020-03-20 12:35:02'),
(70, 'TOUR-03202012-7', '21', NULL, '2020-03-26 05:00:00', '2020-03-26 18:30:00', '10:30:00', '00:00:00', '{\"title\":\"Motorbike rental\",\"end\":\"2020-03-27T00:00:00.000Z\",\"start\":\"2020-03-26T10:30:00.000Z\",\"allDay\":false,\"backgroundColor\":\"rgb(255, 217, 102)\",\"borderColor\":\"rgb(51, 51, 51)\",\"_id\":\"1002171109790\",\"className\":[],\"_allDay\":false,\"_start\":\"2020-03-26T10:30:00.000Z\",\"_end\":\"2020-03-27T00:00:00.000Z\"}', NULL, NULL, NULL, 'tour', 'booking', 1, '2020-03-20 12:35:02', '2020-03-20 12:35:02'),
(71, 'TOUR-03202012-7', '21', NULL, '2020-03-25 04:00:00', '2020-03-25 18:30:00', '09:30:00', '00:00:00', '{\"title\":\"Mangrove day tour\",\"end\":\"2020-03-26T00:00:00.000Z\",\"start\":\"2020-03-25T09:30:00.000Z\",\"allDay\":false,\"backgroundColor\":\"rgb(248, 203, 173)\",\"borderColor\":\"rgb(51, 51, 51)\",\"_id\":\"625249342306\",\"className\":[],\"_allDay\":false,\"_start\":\"2020-03-25T09:30:00.000Z\",\"_end\":\"2020-03-26T00:00:00.000Z\"}', NULL, NULL, NULL, 'tour', 'booking', 1, '2020-03-20 12:35:02', '2020-03-20 12:35:02'),
(72, 'TOUR-03202012-7', '21', NULL, '2020-03-24 06:30:00', '2020-03-24 18:30:00', '12:00:00', '00:00:00', '{\"title\":\"South Belitung\",\"end\":\"2020-03-25T00:00:00.000Z\",\"start\":\"2020-03-24T12:00:00.000Z\",\"allDay\":false,\"backgroundColor\":\"rgb(248, 203, 173)\",\"borderColor\":\"rgb(51, 51, 51)\",\"_id\":\"6209301436\",\"className\":[],\"_allDay\":false,\"_start\":\"2020-03-24T12:00:00.000Z\",\"_end\":\"2020-03-25T00:00:00.000Z\"}', NULL, NULL, NULL, 'tour', 'booking', 1, '2020-03-20 12:35:02', '2020-03-20 12:35:02'),
(73, 'CAB-03202012-12', '22', NULL, '2020-03-19 19:27:00', '2020-03-19 21:55:00', '17:15:00', '19:15:00', '', 'gdxfd', '2', '3', 'taxi', 'drive_time', 1, '2020-03-20 07:17:58', '2020-03-20 07:48:57'),
(74, 'TOUR-03202305-8', '23', NULL, '2020-03-19 18:30:00', '2020-03-20 08:00:00', '00:00:00', '13:30:00', '{\"title\":\"West Belitung & beaches\",\"end\":\"2020-03-20T13:30:00.000Z\",\"start\":\"2020-03-20T00:00:00.000Z\",\"allDay\":false,\"backgroundColor\":\"rgb(248, 203, 173)\",\"borderColor\":\"rgb(51, 51, 51)\",\"_id\":\"12829194583\",\"className\":[],\"_allDay\":false,\"_start\":\"2020-03-20T00:00:00.000Z\",\"_end\":\"2020-03-20T13:30:00.000Z\"}', NULL, NULL, NULL, 'tour', 'booking', 1, '2020-03-23 05:13:22', '2020-03-23 05:13:22'),
(75, 'TOUR-03202305-8', '23', NULL, '2020-03-20 18:30:00', '2020-03-21 10:00:00', '00:00:00', '15:30:00', '{\"title\":\"Fixed Price\",\"end\":\"2020-03-21T15:30:00.000Z\",\"start\":\"2020-03-21T00:00:00.000Z\",\"allDay\":false,\"backgroundColor\":\"rgb(189, 215, 238)\",\"borderColor\":\"rgb(51, 51, 51)\",\"_id\":\"1012641160733\",\"className\":[],\"_allDay\":false,\"_start\":\"2020-03-21T00:00:00.000Z\",\"_end\":\"2020-03-21T15:30:00.000Z\"}', NULL, NULL, NULL, 'tour', 'booking', 1, '2020-03-23 05:13:22', '2020-03-23 05:13:22'),
(76, 'TOUR-03202305-8', '23', NULL, '2020-03-20 08:00:00', '2020-03-20 16:00:00', '13:30:00', '21:30:00', '{\"title\":\"Airport transfer from hotel\\/home\",\"end\":\"2020-03-20T21:30:00.000Z\",\"start\":\"2020-03-20T13:30:00.000Z\",\"allDay\":false,\"backgroundColor\":\"rgb(255, 217, 102)\",\"borderColor\":\"rgb(51, 51, 51)\",\"_id\":\"1096923325241\",\"className\":[],\"_allDay\":false,\"_start\":\"2020-03-20T13:30:00.000Z\",\"_end\":\"2020-03-20T21:30:00.000Z\"}', NULL, NULL, NULL, 'tour', 'booking', 1, '2020-03-23 05:13:22', '2020-03-23 05:13:22'),
(77, 'TOUR-03202305-8', '23', NULL, '2020-03-21 10:00:00', '2020-03-21 14:30:00', '15:30:00', '20:00:00', '{\"title\":\"Meter Taxi\",\"end\":\"2020-03-21T20:00:00.000Z\",\"start\":\"2020-03-21T15:30:00.000Z\",\"allDay\":false,\"backgroundColor\":\"rgb(189, 215, 238)\",\"borderColor\":\"rgb(51, 51, 51)\",\"_id\":\"1182515733905\",\"className\":[],\"_allDay\":false,\"_start\":\"2020-03-21T15:30:00.000Z\",\"_end\":\"2020-03-21T20:00:00.000Z\",\"lunchYN\":\"Yes\",\"lunchskl\":\"Yes\",\"spMeal\":\"Chick. N\",\"selfDrvYN\":\"Yes\",\"actDivingYN\":\"Yes\",\"actFishYN\":\"Yes\"}', NULL, NULL, NULL, 'tour', 'booking', 1, '2020-03-23 05:13:22', '2020-03-23 05:13:22'),
(78, 'TOUR-03202305-8', '23', NULL, '2020-03-21 14:30:00', '2020-03-21 18:30:00', '20:00:00', '00:00:00', '{\"title\":\"Tarsiers encounters\",\"end\":\"2020-03-22T00:00:00.000Z\",\"start\":\"2020-03-21T20:00:00.000Z\",\"allDay\":false,\"backgroundColor\":\"rgb(248, 203, 173)\",\"borderColor\":\"rgb(51, 51, 51)\",\"_id\":\"208560839832\",\"className\":[],\"_allDay\":false,\"_start\":\"2020-03-21T20:00:00.000Z\",\"_end\":\"2020-03-22T00:00:00.000Z\",\"lunchYN\":\"Yes\",\"lunchskl\":\"Yes\",\"spMeal\":\"Chick. N\",\"selfDrvYN\":\"Yes\",\"actDivingYN\":\"Yes\",\"actFishYN\":\"Yes\"}', NULL, NULL, NULL, 'tour', 'booking', 1, '2020-03-23 05:13:22', '2020-03-23 05:13:22'),
(79, 'TOUR-03202306-9', '8', NULL, '2020-03-29 18:30:00', '2020-03-30 06:00:00', '00:00:00', '11:30:00', '{\"title\":\"East Belitung\",\"end\":\"2020-03-30T11:30:00.000Z\",\"start\":\"2020-03-30T00:00:00.000Z\",\"allDay\":false,\"backgroundColor\":\"rgb(248, 203, 173)\",\"borderColor\":\"rgb(51, 51, 51)\",\"_id\":\"1561641379821\",\"className\":[],\"_allDay\":false,\"_start\":\"2020-03-30T00:00:00.000Z\",\"_end\":\"2020-03-30T11:30:00.000Z\",\"lunchYN\":\"Yes\",\"lunchskl\":\"Yes\",\"spMeal\":\"Chick. N\",\"selfDrvYN\":\"No\",\"actDivingYN\":\"Yes\",\"actFishYN\":\"No\",\"expNY\":\"Yes\",\"dive12\":\"1\",\"diver1\":\"1\"}', NULL, NULL, NULL, 'tour', 'booking', 1, '2020-03-23 06:05:57', '2020-03-23 06:05:57'),
(80, 'TOUR-03202306-9', '8', NULL, '2020-03-30 18:30:00', '2020-03-31 13:30:00', '00:00:00', '19:00:00', '{\"title\":\"Fixed Price\",\"end\":\"2020-03-31T19:00:00.000Z\",\"start\":\"2020-03-31T00:00:00.000Z\",\"allDay\":false,\"backgroundColor\":\"rgb(189, 215, 238)\",\"borderColor\":\"rgb(51, 51, 51)\",\"_id\":\"53758634363\",\"className\":[],\"_allDay\":false,\"_start\":\"2020-03-31T00:00:00.000Z\",\"_end\":\"2020-03-31T19:00:00.000Z\",\"lunchYN\":\"Yes\",\"lunchskl\":\"Yes\",\"spMeal\":\"Chick. N\",\"selfDrvYN\":\"No\",\"actDivingYN\":\"Yes\",\"actFishYN\":\"Yes\"}', 'sfs', '3', '3', 'tour', 'completed', 1, '2020-03-23 06:05:57', '2020-03-31 03:27:12'),
(81, 'TOUR-03202306-9', '8', NULL, '2020-03-30 06:00:00', '2020-03-30 18:30:00', '11:30:00', '00:00:00', '{\"title\":\"Airport transfer to hotel\\/home\",\"end\":\"2020-03-31T00:00:00.000Z\",\"start\":\"2020-03-30T11:30:00.000Z\",\"allDay\":false,\"backgroundColor\":\"rgb(255, 217, 102)\",\"borderColor\":\"rgb(51, 51, 51)\",\"_id\":\"831080170173\",\"className\":[],\"_allDay\":false,\"_start\":\"2020-03-30T11:30:00.000Z\",\"_end\":\"2020-03-31T00:00:00.000Z\",\"lunchYN\":\"Yes\",\"lunchskl\":\"Yes\",\"spMeal\":\"Chick. N\",\"selfDrvYN\":\"Yes\",\"actDivingYN\":\"Yes\",\"actFishYN\":\"Yes\"}', NULL, NULL, NULL, 'tour', 'booking', 1, '2020-03-23 06:05:57', '2020-03-23 06:05:57'),
(82, 'TOUR-03202306-9', '8', NULL, '2020-03-31 13:30:00', '2020-03-31 18:30:00', '19:00:00', '00:00:00', '{\"title\":\"Night river cruise\",\"end\":\"2020-04-01T00:00:00.000Z\",\"start\":\"2020-03-31T19:00:00.000Z\",\"allDay\":false,\"backgroundColor\":\"rgb(248, 203, 173)\",\"borderColor\":\"rgb(51, 51, 51)\",\"_id\":\"619065611812\",\"className\":[],\"_allDay\":false,\"_start\":\"2020-03-31T19:00:00.000Z\",\"_end\":\"2020-04-01T00:00:00.000Z\",\"lunchYN\":\"Yes\",\"lunchskl\":\"Yes\",\"spMeal\":\"Chick. N\",\"selfDrvYN\":\"Yes\",\"actDivingYN\":\"Yes\",\"actFishYN\":\"Yes\",\"expNY\":\"Yes\",\"dive12\":\"1\",\"diver1\":\"1\"}', 'gdfgd', '2', '2', 'tour', 'completed', 1, '2020-03-23 06:05:57', '2020-03-31 03:27:30'),
(83, 'TOUR-03202512-10', '2', NULL, '2020-04-01 18:30:00', '2020-04-02 04:00:00', '00:00:00', '09:30:00', '{\"title\":\"East Belitung\",\"end\":\"2020-04-02T09:30:00.000Z\",\"start\":\"2020-04-02T00:00:00.000Z\",\"allDay\":false,\"backgroundColor\":\"rgb(248, 203, 173)\",\"borderColor\":\"rgb(51, 51, 51)\",\"_id\":\"507968462845\",\"className\":[],\"_allDay\":false,\"_start\":\"2020-04-02T00:00:00.000Z\",\"_end\":\"2020-04-02T09:30:00.000Z\"}', 'nm,bn', '3', '3', 'tour', 'drive_time', 1, '2020-03-25 12:25:33', '2020-04-02 17:04:20'),
(84, 'TOUR-03202512-10', '2', NULL, '2020-03-30 18:30:00', '2020-03-31 06:00:00', '00:00:00', '11:30:00', '{\"title\":\"Mangrove day tour\",\"end\":\"2020-03-31T11:30:00.000Z\",\"start\":\"2020-03-31T00:00:00.000Z\",\"allDay\":false,\"backgroundColor\":\"rgb(248, 203, 173)\",\"borderColor\":\"rgb(51, 51, 51)\",\"_id\":\"1368755540518\",\"className\":[],\"_allDay\":false,\"_start\":\"2020-03-31T00:00:00.000Z\",\"_end\":\"2020-03-31T11:30:00.000Z\"}', 'dfg', '2', '2', 'tour', 'completed', 1, '2020-03-25 12:25:33', '2020-03-31 03:27:18'),
(85, 'TOUR-03202512-10', '2', NULL, '2020-03-29 18:30:00', '2020-03-30 06:30:00', '00:00:00', '12:00:00', '{\"title\":\"Meter Taxi\",\"end\":\"2020-03-30T12:00:00.000Z\",\"start\":\"2020-03-30T00:00:00.000Z\",\"allDay\":false,\"backgroundColor\":\"rgb(189, 215, 238)\",\"borderColor\":\"rgb(51, 51, 51)\",\"_id\":\"1555063407700\",\"className\":[],\"_allDay\":false,\"_start\":\"2020-03-30T00:00:00.000Z\",\"_end\":\"2020-03-30T12:00:00.000Z\"}', NULL, NULL, NULL, 'tour', 'booking', 1, '2020-03-25 12:25:33', '2020-03-25 12:25:33'),
(86, 'TOUR-03202512-10', '2', NULL, '2020-04-02 18:30:00', '2020-04-03 09:30:00', '00:00:00', '15:00:00', '{\"title\":\"Airport transfer to hotel\\/home\",\"end\":\"2020-04-03T15:00:00.000Z\",\"start\":\"2020-04-03T00:00:00.000Z\",\"allDay\":false,\"backgroundColor\":\"rgb(255, 217, 102)\",\"borderColor\":\"rgb(51, 51, 51)\",\"_id\":\"521302353597\",\"className\":[],\"_allDay\":false,\"_start\":\"2020-04-03T00:00:00.000Z\",\"_end\":\"2020-04-03T15:00:00.000Z\"}', NULL, NULL, NULL, 'tour', 'booking', 1, '2020-03-25 12:25:33', '2020-03-25 12:25:33'),
(87, 'TOUR-03202512-10', '2', NULL, '2020-04-08 18:30:00', '2020-04-09 06:00:00', '00:00:00', '11:30:00', '{\"title\":\"Airport transfer to hotel\\/home\",\"end\":\"2020-04-09T11:30:00.000Z\",\"start\":\"2020-04-09T00:00:00.000Z\",\"allDay\":false,\"backgroundColor\":\"rgb(255, 217, 102)\",\"borderColor\":\"rgb(51, 51, 51)\",\"_id\":\"888793558064\",\"className\":[],\"_allDay\":false,\"_start\":\"2020-04-09T00:00:00.000Z\",\"_end\":\"2020-04-09T11:30:00.000Z\"}', NULL, NULL, NULL, 'tour', 'booking', 1, '2020-03-25 12:25:33', '2020-03-25 12:25:33'),
(88, 'TOUR-03202512-10', '2', NULL, '2020-04-04 18:30:00', '2020-04-05 07:30:00', '00:00:00', '13:00:00', '{\"title\":\"Car rental (self drive)\",\"end\":\"2020-04-05T13:00:00.000Z\",\"start\":\"2020-04-05T00:00:00.000Z\",\"allDay\":false,\"backgroundColor\":\"rgb(255, 217, 102)\",\"borderColor\":\"rgb(51, 51, 51)\",\"_id\":\"1349725824914\",\"className\":[],\"_allDay\":false,\"_start\":\"2020-04-05T00:00:00.000Z\",\"_end\":\"2020-04-05T13:00:00.000Z\"}', NULL, NULL, NULL, 'tour', 'booking', 1, '2020-03-25 12:25:33', '2020-03-25 12:25:33'),
(89, 'TOUR-03202512-10', '2', NULL, '2020-04-06 18:30:00', '2020-04-07 03:30:00', '00:00:00', '09:00:00', '{\"title\":\"South Belitung\",\"end\":\"2020-04-07T09:00:00.000Z\",\"start\":\"2020-04-07T00:00:00.000Z\",\"allDay\":false,\"backgroundColor\":\"rgb(248, 203, 173)\",\"borderColor\":\"rgb(51, 51, 51)\",\"_id\":\"955347518018\",\"className\":[],\"_allDay\":false,\"_start\":\"2020-04-07T00:00:00.000Z\",\"_end\":\"2020-04-07T09:00:00.000Z\"}', NULL, NULL, NULL, 'tour', 'booking', 1, '2020-03-25 12:25:33', '2020-03-25 12:25:33'),
(90, 'TOUR-03202512-10', '2', NULL, '2020-03-31 18:30:00', '2020-04-01 04:00:00', '00:00:00', '09:30:00', '{\"title\":\"Meter Taxi\",\"end\":\"2020-04-01T09:30:00.000Z\",\"start\":\"2020-04-01T00:00:00.000Z\",\"allDay\":false,\"backgroundColor\":\"rgb(189, 215, 238)\",\"borderColor\":\"rgb(51, 51, 51)\",\"_id\":\"871031351461\",\"className\":[],\"_allDay\":false,\"_start\":\"2020-04-01T00:00:00.000Z\",\"_end\":\"2020-04-01T09:30:00.000Z\"}', NULL, NULL, NULL, 'tour', 'booking', 1, '2020-03-25 12:25:33', '2020-03-25 12:25:33'),
(91, 'TOUR-03202512-10', '2', NULL, '2020-04-05 18:30:00', '2020-04-06 04:30:00', '00:00:00', '10:00:00', '{\"title\":\"Meter Taxi\",\"end\":\"2020-04-06T10:00:00.000Z\",\"start\":\"2020-04-06T00:00:00.000Z\",\"allDay\":false,\"backgroundColor\":\"rgb(189, 215, 238)\",\"borderColor\":\"rgb(51, 51, 51)\",\"_id\":\"787448468871\",\"className\":[],\"_allDay\":false,\"_start\":\"2020-04-06T00:00:00.000Z\",\"_end\":\"2020-04-06T10:00:00.000Z\"}', NULL, NULL, NULL, 'tour', 'booking', 1, '2020-03-25 12:25:33', '2020-03-25 12:25:33'),
(92, 'TOUR-03202512-10', '2', NULL, '2020-03-28 18:30:00', '2020-03-29 06:30:00', '00:00:00', '12:00:00', '{\"title\":\"Holy day Mauj\",\"end\":\"2020-03-29T12:00:00.000Z\",\"start\":\"2020-03-29T00:00:00.000Z\",\"allDay\":false,\"backgroundColor\":\"rgb(248, 203, 173)\",\"borderColor\":\"rgb(51, 51, 51)\",\"_id\":\"1353183359179\",\"className\":[],\"_allDay\":false,\"_start\":\"2020-03-29T00:00:00.000Z\",\"_end\":\"2020-03-29T12:00:00.000Z\"}', 'fsd', '3', '3', 'tour', 'drive_time', 1, '2020-03-25 12:25:33', '2020-03-25 06:57:33'),
(93, 'TOUR-03202512-10', '2', NULL, '2020-04-03 18:30:00', '2020-04-04 04:00:00', '00:00:00', '09:30:00', '{\"title\":\"Holy day Yaari\",\"end\":\"2020-04-04T09:30:00.000Z\",\"start\":\"2020-04-04T00:00:00.000Z\",\"allDay\":false,\"backgroundColor\":\"rgb(248, 203, 173)\",\"borderColor\":\"rgb(51, 51, 51)\",\"_id\":\"1320097084717\",\"className\":[],\"_allDay\":false,\"_start\":\"2020-04-04T00:00:00.000Z\",\"_end\":\"2020-04-04T09:30:00.000Z\"}', NULL, NULL, NULL, 'tour', 'booking', 1, '2020-03-25 12:25:33', '2020-03-25 12:25:33'),
(94, 'TOUR-03202512-10', '2', NULL, '2020-04-07 18:30:00', '2020-04-08 02:30:00', '00:00:00', '08:00:00', '{\"title\":\"Holy day Mauj\",\"end\":\"2020-04-08T08:00:00.000Z\",\"start\":\"2020-04-08T00:00:00.000Z\",\"allDay\":false,\"backgroundColor\":\"rgb(248, 203, 173)\",\"borderColor\":\"rgb(51, 51, 51)\",\"_id\":\"603916381504\",\"className\":[],\"_allDay\":false,\"_start\":\"2020-04-08T00:00:00.000Z\",\"_end\":\"2020-04-08T08:00:00.000Z\"}', NULL, NULL, NULL, 'tour', 'booking', 1, '2020-03-25 12:25:33', '2020-03-25 12:25:33'),
(95, 'TOUR-03202512-10', '2', NULL, '2020-03-31 06:30:00', '2020-03-31 14:30:00', '12:00:00', '20:00:00', '{\"title\":\"Airport transfer to hotel\\/home\",\"end\":\"2020-03-31T20:00:00.000Z\",\"start\":\"2020-03-31T12:00:00.000Z\",\"allDay\":false,\"backgroundColor\":\"rgb(255, 217, 102)\",\"borderColor\":\"rgb(51, 51, 51)\",\"_id\":\"201716728397\",\"className\":[],\"_allDay\":false,\"_start\":\"2020-03-31T12:00:00.000Z\",\"_end\":\"2020-03-31T20:00:00.000Z\"}', 'dfgfdg', '1', '1', 'tour', 'completed', 1, '2020-03-25 12:25:33', '2020-03-31 03:27:26'),
(96, 'TOUR-03202512-10', '2', NULL, '2020-03-29 06:30:00', '2020-03-29 15:00:00', '12:00:00', '20:30:00', '{\"title\":\"Car rental (self drive)\",\"end\":\"2020-03-29T20:30:00.000Z\",\"start\":\"2020-03-29T12:00:00.000Z\",\"allDay\":false,\"backgroundColor\":\"rgb(255, 217, 102)\",\"borderColor\":\"rgb(51, 51, 51)\",\"_id\":\"1349241519290\",\"className\":[],\"_allDay\":false,\"_start\":\"2020-03-29T12:00:00.000Z\",\"_end\":\"2020-03-29T20:30:00.000Z\"}', 'hfghfgh', '1', '1', 'tour', 'drive_time', 1, '2020-03-25 12:25:33', '2020-03-25 06:57:43'),
(97, 'TOUR-03202512-10', '2', NULL, '2020-04-02 05:30:00', '2020-04-02 15:00:00', '11:00:00', '20:30:00', '{\"title\":\"Night river cruise\",\"end\":\"2020-04-02T20:30:00.000Z\",\"start\":\"2020-04-02T11:00:00.000Z\",\"allDay\":false,\"backgroundColor\":\"rgb(248, 203, 173)\",\"borderColor\":\"rgb(51, 51, 51)\",\"_id\":\"554357780398\",\"className\":[],\"_allDay\":false,\"_start\":\"2020-04-02T11:00:00.000Z\",\"_end\":\"2020-04-02T20:30:00.000Z\"}', 'hjgugi', '2', '2', 'tour', 'drive_time', 1, '2020-03-25 12:25:33', '2020-04-02 17:04:32'),
(98, 'TOUR-03202512-10', '2', NULL, '2020-04-06 04:30:00', '2020-04-06 14:00:00', '10:00:00', '19:30:00', '{\"title\":\"Night river cruise\",\"end\":\"2020-04-06T19:30:00.000Z\",\"start\":\"2020-04-06T10:00:00.000Z\",\"allDay\":false,\"backgroundColor\":\"rgb(248, 203, 173)\",\"borderColor\":\"rgb(51, 51, 51)\",\"_id\":\"567421804077\",\"className\":[],\"_allDay\":false,\"_start\":\"2020-04-06T10:00:00.000Z\",\"_end\":\"2020-04-06T19:30:00.000Z\"}', NULL, NULL, NULL, 'tour', 'booking', 1, '2020-03-25 12:25:33', '2020-03-25 12:25:33'),
(99, 'TOUR-03202512-10', '2', NULL, '2020-04-04 04:30:00', '2020-04-04 14:30:00', '10:00:00', '20:00:00', '{\"title\":\"Fixed Price\",\"end\":\"2020-04-04T20:00:00.000Z\",\"start\":\"2020-04-04T10:00:00.000Z\",\"allDay\":false,\"backgroundColor\":\"rgb(189, 215, 238)\",\"borderColor\":\"rgb(51, 51, 51)\",\"_id\":\"655444800269\",\"className\":[],\"_allDay\":false,\"_start\":\"2020-04-04T10:00:00.000Z\",\"_end\":\"2020-04-04T20:00:00.000Z\"}', NULL, NULL, NULL, 'tour', 'booking', 1, '2020-03-25 12:25:33', '2020-03-25 12:25:33'),
(100, 'TOUR-03202512-10', '2', NULL, '2020-03-30 06:30:00', '2020-03-30 12:30:00', '12:00:00', '18:00:00', '{\"title\":\"Holy day Mauj\",\"end\":\"2020-03-30T18:00:00.000Z\",\"start\":\"2020-03-30T12:00:00.000Z\",\"allDay\":false,\"backgroundColor\":\"rgb(248, 203, 173)\",\"borderColor\":\"rgb(51, 51, 51)\",\"_id\":\"205622031387\",\"className\":[],\"_allDay\":false,\"_start\":\"2020-03-30T12:00:00.000Z\",\"_end\":\"2020-03-30T18:00:00.000Z\"}', NULL, NULL, NULL, 'tour', 'booking', 1, '2020-03-25 12:25:33', '2020-03-25 12:25:33'),
(101, 'TOUR-03202512-10', '2', NULL, '2020-04-01 06:30:00', '2020-04-01 15:00:00', '12:00:00', '20:30:00', '{\"title\":\"Fixed Price\",\"end\":\"2020-04-01T20:30:00.000Z\",\"start\":\"2020-04-01T12:00:00.000Z\",\"allDay\":false,\"backgroundColor\":\"rgb(189, 215, 238)\",\"borderColor\":\"rgb(51, 51, 51)\",\"_id\":\"489394486439\",\"className\":[],\"_allDay\":false,\"_start\":\"2020-04-01T12:00:00.000Z\",\"_end\":\"2020-04-01T20:30:00.000Z\"}', NULL, NULL, NULL, 'tour', 'booking', 1, '2020-03-25 12:25:33', '2020-03-25 12:25:33'),
(102, 'TOUR-03202512-10', '2', NULL, '2020-04-07 03:30:00', '2020-04-07 13:00:00', '09:00:00', '18:30:00', '{\"title\":\"Car rental (self drive)\",\"end\":\"2020-04-07T18:30:00.000Z\",\"start\":\"2020-04-07T09:00:00.000Z\",\"allDay\":false,\"backgroundColor\":\"rgb(255, 217, 102)\",\"borderColor\":\"rgb(51, 51, 51)\",\"_id\":\"588470321733\",\"className\":[],\"_allDay\":false,\"_start\":\"2020-04-07T09:00:00.000Z\",\"_end\":\"2020-04-07T18:30:00.000Z\"}', NULL, NULL, NULL, 'tour', 'booking', 1, '2020-03-25 12:25:33', '2020-03-25 12:25:33'),
(103, 'TOUR-03202512-10', '2', NULL, '2020-04-08 06:30:00', '2020-04-08 15:30:00', '12:00:00', '21:00:00', '{\"title\":\"Holy day Mauj\",\"end\":\"2020-04-08T21:00:00.000Z\",\"start\":\"2020-04-08T12:00:00.000Z\",\"allDay\":false,\"backgroundColor\":\"rgb(248, 203, 173)\",\"borderColor\":\"rgb(51, 51, 51)\",\"_id\":\"343462195211\",\"className\":[],\"_allDay\":false,\"_start\":\"2020-04-08T12:00:00.000Z\",\"_end\":\"2020-04-08T21:00:00.000Z\"}', NULL, NULL, NULL, 'tour', 'booking', 1, '2020-03-25 12:25:33', '2020-03-25 12:25:33'),
(104, 'TOUR-04200404-11', '24', NULL, '2020-04-08 18:30:00', '2020-04-08 23:30:00', '00:00:00', '05:00:00', '{\"title\":\"Seliu island\",\"end\":\"2020-04-09T05:00:00.000Z\",\"start\":\"2020-04-09T00:00:00.000Z\",\"allDay\":false,\"backgroundColor\":\"rgb(248, 203, 173)\",\"borderColor\":\"rgb(51, 51, 51)\",\"_id\":\"1479029080460\",\"className\":[],\"_allDay\":false,\"_start\":\"2020-04-09T00:00:00.000Z\",\"_end\":\"2020-04-09T05:00:00.000Z\"}', NULL, NULL, NULL, 'tour', 'booking', 1, '2020-04-04 10:45:10', '2020-04-04 10:45:10'),
(105, 'TOUR-04200404-11', '24', NULL, '2020-04-09 18:30:00', '2020-04-10 01:30:00', '00:00:00', '07:00:00', '{\"title\":\"East Belitungs\",\"end\":\"2020-04-10T07:00:00.000Z\",\"start\":\"2020-04-10T00:00:00.000Z\",\"allDay\":false,\"backgroundColor\":\"rgb(248, 203, 173)\",\"borderColor\":\"rgb(51, 51, 51)\",\"_id\":\"1133394157192\",\"className\":[],\"_allDay\":false,\"_start\":\"2020-04-10T00:00:00.000Z\",\"_end\":\"2020-04-10T07:00:00.000Z\"}', NULL, NULL, NULL, 'tour', 'booking', 1, '2020-04-04 10:45:10', '2020-04-04 10:45:10'),
(106, 'TOUR-04200404-11', '24', NULL, '2020-04-08 23:30:00', '2020-04-09 10:30:00', '05:00:00', '16:00:00', '{\"title\":\"Fixed price\",\"end\":\"2020-04-09T16:00:00.000Z\",\"start\":\"2020-04-09T05:00:00.000Z\",\"allDay\":false,\"backgroundColor\":\"rgb(189, 215, 238)\",\"borderColor\":\"rgb(51, 51, 51)\",\"_id\":\"61129760032\",\"className\":[],\"_allDay\":false,\"_start\":\"2020-04-09T05:00:00.000Z\",\"_end\":\"2020-04-09T16:00:00.000Z\"}', NULL, NULL, NULL, 'tour', 'booking', 1, '2020-04-04 10:45:10', '2020-04-04 10:45:10'),
(107, 'TOUR-04200404-11', '24', NULL, '2020-04-10 01:30:00', '2020-04-10 10:30:00', '07:00:00', '16:00:00', '{\"title\":\"Car rental ( self Drive )\",\"end\":\"2020-04-10T16:00:00.000Z\",\"start\":\"2020-04-10T07:00:00.000Z\",\"allDay\":false,\"backgroundColor\":\"rgb(255, 217, 102)\",\"borderColor\":\"rgb(51, 51, 51)\",\"_id\":\"369905146125\",\"className\":[],\"_allDay\":false,\"_start\":\"2020-04-10T07:00:00.000Z\",\"_end\":\"2020-04-10T16:00:00.000Z\"}', NULL, NULL, NULL, 'tour', 'booking', 1, '2020-04-04 10:45:10', '2020-04-04 10:45:10'),
(108, 'TOUR-04200404-11', '24', NULL, '2020-04-10 18:30:00', '2020-04-11 01:30:00', '00:00:00', '07:00:00', '{\"title\":\"Motorbike rental\",\"end\":\"2020-04-11T07:00:00.000Z\",\"start\":\"2020-04-11T00:00:00.000Z\",\"allDay\":false,\"backgroundColor\":\"rgb(255, 217, 102)\",\"borderColor\":\"rgb(51, 51, 51)\",\"_id\":\"1022153870905\",\"className\":[],\"_allDay\":false,\"_start\":\"2020-04-11T00:00:00.000Z\",\"_end\":\"2020-04-11T07:00:00.000Z\"}', NULL, NULL, NULL, 'tour', 'booking', 1, '2020-04-04 10:45:10', '2020-04-04 10:45:10'),
(109, 'TOUR-04200404-11', '24', NULL, '2020-04-11 01:30:00', '2020-04-11 08:30:00', '07:00:00', '14:00:00', '{\"title\":\"East Belitungs\",\"end\":\"2020-04-11T14:00:00.000Z\",\"start\":\"2020-04-11T07:00:00.000Z\",\"allDay\":false,\"backgroundColor\":\"rgb(248, 203, 173)\",\"borderColor\":\"rgb(51, 51, 51)\",\"_id\":\"874537049396\",\"className\":[],\"_allDay\":false,\"_start\":\"2020-04-11T07:00:00.000Z\",\"_end\":\"2020-04-11T14:00:00.000Z\"}', NULL, NULL, NULL, 'tour', 'booking', 1, '2020-04-04 10:45:10', '2020-04-04 10:45:10');
INSERT INTO `booking_events` (`id`, `booking_id`, `customer_id`, `activities_id`, `start_date`, `end_date`, `start_time`, `end_time`, `event_data`, `resource`, `taxi`, `driver`, `booking_type`, `booking_status`, `status`, `created_at`, `updated_at`) VALUES
(110, 'TOUR-04200404-11', '24', NULL, '2020-04-09 10:30:00', '2020-04-09 17:30:00', '16:00:00', '23:00:00', '{\"title\":\"Airport transfer from hotel \\/ home\",\"end\":\"2020-04-09T23:00:00.000Z\",\"start\":\"2020-04-09T16:00:00.000Z\",\"allDay\":false,\"backgroundColor\":\"rgb(255, 217, 102)\",\"borderColor\":\"rgb(51, 51, 51)\",\"_id\":\"1209764484524\",\"className\":[],\"_allDay\":false,\"_start\":\"2020-04-09T16:00:00.000Z\",\"_end\":\"2020-04-09T23:00:00.000Z\"}', NULL, NULL, NULL, 'tour', 'booking', 1, '2020-04-04 10:45:10', '2020-04-04 10:45:10'),
(111, 'TOUR-04200404-11', '24', NULL, '2020-04-10 10:30:00', '2020-04-10 18:00:00', '16:00:00', '23:30:00', '{\"title\":\"Meter taxi\",\"end\":\"2020-04-10T23:30:00.000Z\",\"start\":\"2020-04-10T16:00:00.000Z\",\"allDay\":false,\"backgroundColor\":\"rgb(189, 215, 238)\",\"borderColor\":\"rgb(51, 51, 51)\",\"_id\":\"913582273874\",\"className\":[],\"_allDay\":false,\"_start\":\"2020-04-10T16:00:00.000Z\",\"_end\":\"2020-04-10T23:30:00.000Z\"}', NULL, NULL, NULL, 'tour', 'booking', 1, '2020-04-04 10:45:10', '2020-04-04 10:45:10'),
(112, 'TOUR-04200404-11', '24', NULL, '2020-04-11 08:30:00', '2020-04-11 18:00:00', '14:00:00', '23:30:00', '{\"title\":\"Tarsiers encounters\",\"end\":\"2020-04-11T23:30:00.000Z\",\"start\":\"2020-04-11T14:00:00.000Z\",\"allDay\":false,\"backgroundColor\":\"rgb(248, 203, 173)\",\"borderColor\":\"rgb(51, 51, 51)\",\"_id\":\"1445386125287\",\"className\":[],\"_allDay\":false,\"_start\":\"2020-04-11T14:00:00.000Z\",\"_end\":\"2020-04-11T23:30:00.000Z\"}', NULL, NULL, NULL, 'tour', 'booking', 1, '2020-04-04 10:45:10', '2020-04-04 10:45:10'),
(113, 'TOUR-04200612-12', '2', NULL, '2020-04-11 23:30:00', '2020-04-12 12:00:00', '05:00:00', '17:30:00', '{\"title\":\"Island  Hopping\",\"end\":\"2020-04-12T17:30:00.000Z\",\"start\":\"2020-04-12T05:00:00.000Z\",\"allDay\":false,\"backgroundColor\":\"rgb(248, 203, 173)\",\"borderColor\":\"rgb(51, 51, 51)\",\"_id\":\"1533996698204\",\"className\":[],\"_allDay\":false,\"_start\":\"2020-04-12T05:00:00.000Z\",\"_end\":\"2020-04-12T17:30:00.000Z\"}', NULL, NULL, NULL, 'tour', 'booking', 1, '2020-04-06 07:09:00', '2020-04-06 07:09:00'),
(114, 'TOUR-04200612-12', '2', NULL, '2020-04-14 02:30:00', '2020-04-14 12:00:00', '08:00:00', '17:30:00', '{\"title\":\"Car rental ( with Driver )\",\"end\":\"2020-04-14T17:30:00.000Z\",\"start\":\"2020-04-14T08:00:00.000Z\",\"allDay\":false,\"backgroundColor\":\"rgb(255, 217, 102)\",\"borderColor\":\"rgb(51, 51, 51)\",\"_id\":\"27404187374\",\"className\":[],\"_allDay\":false,\"_start\":\"2020-04-14T08:00:00.000Z\",\"_end\":\"2020-04-14T17:30:00.000Z\"}', NULL, NULL, NULL, 'tour', 'booking', 1, '2020-04-06 07:09:00', '2020-04-06 07:09:00'),
(115, 'TOUR-04200612-12', '2', NULL, '2020-04-13 01:30:00', '2020-04-13 12:30:00', '07:00:00', '18:00:00', '{\"title\":\"Fixed price\",\"end\":\"2020-04-13T18:00:00.000Z\",\"start\":\"2020-04-13T07:00:00.000Z\",\"allDay\":false,\"backgroundColor\":\"rgb(189, 215, 238)\",\"borderColor\":\"rgb(51, 51, 51)\",\"_id\":\"969766754690\",\"className\":[],\"_allDay\":false,\"_start\":\"2020-04-13T07:00:00.000Z\",\"_end\":\"2020-04-13T18:00:00.000Z\"}', NULL, NULL, NULL, 'tour', 'booking', 1, '2020-04-06 07:09:00', '2020-04-06 07:09:00'),
(116, 'TOUR-04200612-12', '2', NULL, '2020-04-12 12:00:00', '2020-04-12 17:00:00', '17:30:00', '22:30:00', '{\"title\":\"Car rental ( with Driver )\",\"end\":\"2020-04-12T22:30:00.000Z\",\"start\":\"2020-04-12T17:30:00.000Z\",\"allDay\":false,\"backgroundColor\":\"rgb(255, 217, 102)\",\"borderColor\":\"rgb(51, 51, 51)\",\"_id\":\"1065875419287\",\"className\":[],\"_allDay\":false,\"_start\":\"2020-04-12T17:30:00.000Z\",\"_end\":\"2020-04-12T22:30:00.000Z\"}', NULL, NULL, NULL, 'tour', 'booking', 1, '2020-04-06 07:09:00', '2020-04-06 07:09:00'),
(117, 'TOUR-04200612-12', '2', NULL, '2020-04-13 12:30:00', '2020-04-13 17:00:00', '18:00:00', '22:30:00', '{\"title\":\"South  Belitungs\",\"end\":\"2020-04-13T22:30:00.000Z\",\"start\":\"2020-04-13T18:00:00.000Z\",\"allDay\":false,\"backgroundColor\":\"rgb(248, 203, 173)\",\"borderColor\":\"rgb(51, 51, 51)\",\"_id\":\"621837032525\",\"className\":[],\"_allDay\":false,\"_start\":\"2020-04-13T18:00:00.000Z\",\"_end\":\"2020-04-13T22:30:00.000Z\"}', NULL, NULL, NULL, 'tour', 'booking', 1, '2020-04-06 07:09:00', '2020-04-06 07:09:00'),
(118, 'TOUR-04200612-12', '2', NULL, '2020-04-14 12:00:00', '2020-04-14 17:00:00', '17:30:00', '22:30:00', '{\"title\":\"Tarsiers encounters\",\"end\":\"2020-04-14T22:30:00.000Z\",\"start\":\"2020-04-14T17:30:00.000Z\",\"allDay\":false,\"backgroundColor\":\"rgb(248, 203, 173)\",\"borderColor\":\"rgb(51, 51, 51)\",\"_id\":\"658113549414\",\"className\":[],\"_allDay\":false,\"_start\":\"2020-04-14T17:30:00.000Z\",\"_end\":\"2020-04-14T22:30:00.000Z\",\"lunchYN\":\"Yes\",\"lunchskl\":\"Yes\",\"spMeal\":\"Chick. N\",\"selfDrvYN\":\"Yes\",\"actDivingYN\":\"Yes\",\"actFishYN\":\"Yes\"}', NULL, NULL, NULL, 'tour', 'booking', 1, '2020-04-06 07:09:00', '2020-04-06 07:09:00');

-- --------------------------------------------------------

--
-- Table structure for table `contents`
--

CREATE TABLE `contents` (
  `id` int(11) NOT NULL,
  `page` int(11) NOT NULL DEFAULT 1 COMMENT '1=>terms & Condition',
  `title` varchar(255) NOT NULL,
  `description` varchar(255) DEFAULT NULL,
  `contents` varchar(2555) DEFAULT NULL,
  `image` varchar(2555) DEFAULT NULL,
  `link` varchar(255) DEFAULT NULL,
  `status` int(11) NOT NULL DEFAULT 1,
  `created_at` datetime NOT NULL DEFAULT current_timestamp(),
  `updated_at` datetime NOT NULL DEFAULT current_timestamp()
) ENGINE=InnoDB DEFAULT CHARSET=latin1;

--
-- Dumping data for table `contents`
--

INSERT INTO `contents` (`id`, `page`, `title`, `description`, `contents`, `image`, `link`, `status`, `created_at`, `updated_at`) VALUES
(1, 1, 'Island hopping', 'Island hopping', 'Once confirmed, island hopping tours can be cancelled up to 36 hours prior to tour start. Within 36 hours of tour start, cancellation fees of IDR 450000 per group will be levied. In case of heavy rain, and up to two hours before tour start, cancellation of the tour will be effectuated free of charge. Guests can elect to get a full refund of the tour or a re-schedule for a later day.', NULL, NULL, 1, '2020-03-19 11:02:07', '2020-03-20 13:15:27'),
(2, 1, 'Island hopping', 'Island hopping', 'Driver will wait up to 15 minutes at meeting point. Delayed guests will face a penalty of IDR 50000 per hour of waiting.', NULL, NULL, 1, '2020-03-19 11:20:16', '2020-03-19 12:24:19'),
(3, 1, 'Island hopping', 'Island hopping', 'Island hopping packages include a series of services that are detailed in the offer. Additional services can be purchased on board the boat and paid in full before being used. Pick up is usually at 16:00. Guests that come back early might have a longer waiting time for pickup. However, the company with put its best endeavours to collect easts before 16:00.', NULL, NULL, 1, '2020-03-19 11:24:11', '2020-03-19 12:24:28'),
(4, 1, 'Payment terms', NULL, 'Payments are to be made before the service commences, except for metered taxi. Payments must be made in full and in cash, bank transfer, PayPal, credit or debit card. No services will be rendered if payment is not effectuated in full. Down payments may be asked for some bookings to guarantee third parties services remain available on the day of the booking. Such down payments are usually not refundable.', NULL, NULL, 1, '2020-03-19 11:24:32', '2020-03-19 11:24:32'),
(5, 1, 'Payment terms', 'addsa', 'Specific refund policies are described in the relevant sections below. Unless specified otherwise in conditions below and outside of peak season, bookings can be cancelled up to 48 hours before the start of the trip.', NULL, NULL, 1, '2020-03-19 11:24:58', '2020-03-20 13:14:48'),
(6, 1, 'Payment terms', NULL, 'All settlements done via PayPal will attract an additional 3.5% surcharge and 2.6% via credit/debit card.', NULL, NULL, 1, '2020-03-19 11:25:08', '2020-03-19 11:25:08'),
(7, 1, 'Airport transfers', NULL, 'Airport transfers can either be with meter (standard) or at fixed price (return fares, agreed prices as part of a tour).', NULL, NULL, 1, '2020-03-19 11:26:25', '2020-03-19 11:26:25'),
(8, 1, 'Airport transfers', NULL, 'Fixed-price airport transfers are direct from the airport to the hotel or from the hotel to the airport. Stop-overs requested by guests on the way will attract additional charges, either based on meter or defined by head office and confirmed to the driver. The airport promotion offered on the website is reserved to Belitung residents and from airport to personal home only. These rates are not available for outside guests.', NULL, NULL, 1, '2020-03-19 11:26:41', '2020-03-19 11:26:41'),
(9, 1, 'Car rentals with driver', NULL, 'Outside of peak season, car rentals with driver can be cancelled up to 36 hours before start at no fee.', NULL, NULL, 1, '2020-03-19 11:27:55', '2020-03-19 11:27:55'),
(10, 1, 'Car rentals with driver', NULL, 'Within 36 hours of tour start, car rentals can be cancelled for of fee of IDR 150000 per vehicle.', NULL, NULL, 1, '2020-03-19 11:28:05', '2020-03-19 11:28:05'),
(11, 1, 'Car rentals with driver', NULL, 'The stated fees include the car rental, the driver and the fuel only. Meals, entrance fees, parking, souvenirs and other incidentals are excluded from the rental costs.', NULL, NULL, 1, '2020-03-19 11:28:21', '2020-03-19 11:28:21'),
(12, 1, 'Car rentals with driver', NULL, 'Car rentals with driver shall terminate at 20:00 but a maximum of 12 hours. Additional hours will be charged at IDR 30000 per hour.', NULL, NULL, 1, '2020-03-19 11:28:34', '2020-03-19 11:28:34'),
(13, 1, 'Leebong island tours', NULL, 'Once confirmed, Leebong tours can be can cancelled up to 48 hours before the tour start. Within 48 hours of tour start, cancellation fees of IDR 400000 per person will be levied. In case of heavy rain, and up to two hours before tour start, cancellation of the tour will be effectuated free of charge. Guests can elect to get a full refund of the tour or a re-schedule for a later day.', NULL, NULL, 1, '2020-03-19 11:29:30', '2020-03-19 11:29:30'),
(14, 1, 'Leebong island tours', NULL, 'Passengers who fail to be at meeting point in time thus causing a delay for transportation might not be picked-up by the driver. In such cases, the tour will not be refunded but can be rescheduled for a fee of IDR 350000 group.', NULL, NULL, 1, '2020-03-19 11:29:51', '2020-03-19 11:29:51'),
(15, 1, 'Self-drive car rentals and motorbike rentals', NULL, 'Rentals are governed by the signed rental agreement that guests will fill at arrival. A deposit based on the rental value and the service chosen will be levied at arrival. Deposits can be made in cash or with card, either in IDR or in selected international currencies (please check with head office beforehand). Deposits will be refunded in full at the end of the rental if the vehicle is returned in condition set forth in the rental agreement.', NULL, NULL, 1, '2020-03-19 11:30:31', '2020-03-19 11:30:31'),
(16, 1, 'Self-drive car rentals and motorbike rentals', NULL, 'Car rentals can be cancelled within 24 hours of start and 48 hours of start at no cost. Past this deadline, a day rental charge will be charged to the guest. Fuel and parking fees ate to be paid by the guests.', NULL, NULL, 1, '2020-03-19 11:30:45', '2020-03-19 11:30:45'),
(17, 1, 'Belitung island tours, thematic tours', NULL, 'Outside of peak season, tours can be cancelled up to 36 hours before start at no fee. Within 36 hours of tour start, Belitung island tours and thematic tours can be cancelled for of fee of IDR 150000 per vehicle.', NULL, NULL, 1, '2020-03-19 11:31:07', '2020-03-19 11:31:07'),
(18, 1, 'Belitung island tours, thematic tours', NULL, 'Tours includes services specified in the offer. Additional services are at the cost of the guest.', NULL, NULL, 1, '2020-03-19 11:31:20', '2020-03-19 11:31:20'),
(19, 1, 'Belitung island tours, thematic tours', NULL, 'Car rental, petrol and driver are included in the tour, but only if the itinerary is followed strictly. Changes in itinerary may attract additional charges and drivers will confirm them with head office before accepting alterations to the route.', NULL, NULL, 1, '2020-03-19 11:31:35', '2020-03-19 11:31:35'),
(20, 1, 'Other activities', NULL, 'For all bookings that need to be paid in advance (notably hotel bookings, special dinners, events, etc.), booking can only be guaranteed once down payment was made.', NULL, NULL, 1, '2020-03-19 11:31:57', '2020-03-19 11:31:57'),
(21, 1, 'Other activities', NULL, 'For all the above, no refund will be made in case of cancellation.', NULL, NULL, 1, '2020-03-19 11:32:09', '2020-03-19 11:32:09'),
(22, 1, 'qwqwq', NULL, 'sdcsd', NULL, NULL, 0, '2020-03-19 11:48:40', '2020-03-19 11:48:47'),
(23, 1, 'Ram nagar', NULL, 'dsfsdfsjkd cusgd d hrkshjfsjkf hhklh', NULL, NULL, 0, '2020-03-19 11:49:08', '2020-03-19 11:49:16'),
(24, 1, 'data', 'data', 'cshsahkg', NULL, NULL, 0, '2020-03-19 12:24:43', '2020-03-19 13:46:43'),
(25, 1, 'saad', 'saad', 'fgbfcg rt d', NULL, NULL, 0, '2020-03-19 12:48:24', '2020-03-19 13:46:45');

-- --------------------------------------------------------

--
-- Table structure for table `customers`
--

CREATE TABLE `customers` (
  `id` int(11) NOT NULL,
  `name` varchar(255) DEFAULT NULL,
  `email` varchar(255) DEFAULT NULL,
  `password` varchar(255) DEFAULT NULL,
  `whatsapp` varchar(255) DEFAULT NULL,
  `dob` varchar(255) DEFAULT NULL,
  `address` char(255) DEFAULT NULL,
  `latitude` varchar(255) DEFAULT NULL,
  `longitude` varchar(255) DEFAULT NULL,
  `status` int(11) NOT NULL DEFAULT 1,
  `created_at` timestamp NOT NULL DEFAULT current_timestamp(),
  `updated_at` timestamp NOT NULL DEFAULT current_timestamp()
) ENGINE=InnoDB DEFAULT CHARSET=latin1;

--
-- Dumping data for table `customers`
--

INSERT INTO `customers` (`id`, `name`, `email`, `password`, `whatsapp`, `dob`, `address`, `latitude`, `longitude`, `status`, `created_at`, `updated_at`) VALUES
(1, 'Sunil', 'Sunil@gmail.com', '$2y$10$IR.jU7D8EenLxsyHfBtQROn8NRmOoduP30bjVtFlBv9jE7IaNosJy', '121313213132', NULL, NULL, NULL, NULL, 1, '2020-03-05 05:04:59', '2020-03-05 05:04:59'),
(2, 'dinesh', 'dinesh@gmail.com', '$2y$10$.9fr99vBIMZCv9dkL8faoujnB6/io3jFYefwJT7ZV4jr9fxcZMDT.', '359622868869', NULL, NULL, NULL, NULL, 1, '2020-03-05 05:20:21', '2020-03-05 05:20:21'),
(3, 'rohan', 'rohan@gmail.com', '$2y$10$WyG8ErL0DNj8wfnzDipX3ejUFtCLgJ5uX4WQfdFl/3EzkxsjL4EGy', '353275972956', NULL, NULL, NULL, NULL, 1, '2020-03-05 08:04:16', '2020-03-05 08:04:16'),
(4, 'shubham', 'shubham@augurs.in', '$2y$10$Owy4TfOXFbWbfTHs278TFOrOUOclRPZWghnL1FpHbdIdoJ4YEeUCe', '919794635811', NULL, NULL, NULL, NULL, 1, '2020-03-06 03:56:03', '2020-03-06 03:56:03'),
(5, 'Nitin', 'Nitin@gmail.com', '$2y$10$XauUYBd9guxPLfBzqrJ5Ge02FI03aOkD8PYmRwVBlTVME7GrvP6La', '638568236586', NULL, NULL, NULL, NULL, 1, '2020-03-07 01:01:37', '2020-03-07 01:01:37'),
(6, 'noor alam', 'noor_alam@gmnail.com', '$2y$10$czIl3dtZ1dEtDgtU.qj2J.SOiAJ0h8jVKMnxkMzYQHkWuW3jRNage', '263498669696', NULL, NULL, NULL, NULL, 1, '2020-03-07 02:43:34', '2020-03-07 02:43:34'),
(7, 'Rahul', 'Rahul@gmail.com', '$2y$10$ZhY/nYQp7ppKTYf1/FKbNuqVU/Y.2NtejQJqzTPT5w1sCUR4F1T8y', '354657868768', NULL, NULL, NULL, NULL, 1, '2020-03-07 02:46:12', '2020-03-07 02:46:12'),
(8, 'Rohit', 'Rohit@gmail.com', '$2y$10$S5XFuCojWTsL5BkY2T2DQet2XvHv/WW1IPvsztFUrru7.TgUXMAx2', '435345643536', NULL, NULL, NULL, NULL, 1, '2020-03-07 04:47:27', '2020-03-07 04:47:27'),
(9, 'Arun', 'Arun@gmail.com', '$2y$10$Lj9bmop9lQcFVpJ0w0gluucUfBlbXIID4Kf0sLIvlQn1b5yiTncUi', '246864625482', NULL, NULL, NULL, NULL, 1, '2020-03-12 02:54:17', '2020-03-12 02:54:17'),
(10, 'nitesh', 'nitesh@gmail.com', '$2y$10$3JSgRwA/JBPFf1n4SjRofu9ugBnz4Geucl1bGQo7MaKHZZIbqG9E.', '956982365966', NULL, NULL, NULL, NULL, 1, '2020-03-12 04:56:44', '2020-03-12 04:56:44'),
(11, 'shubham', 'shubham@gmail.com', '$2y$10$t.vdhblOv7fYncKD/CPiqO5lDGVmPLsYrM/rPFmFD3wnD8w6hDRTu', '532795826598', NULL, NULL, NULL, NULL, 1, '2020-03-12 05:21:00', '2020-03-12 05:21:00'),
(12, 'dinnesh', 'dinnesh@gmail.com', '$2y$10$dA3xZ05kujy5PZVSPVlgFe9.8OgjiOOR9f9Cxoh7S1CmNjn6idaHa', '239482365326', NULL, NULL, NULL, NULL, 1, '2020-03-12 05:22:35', '2020-03-12 05:22:35'),
(13, 'Kurudeep', 'Kurudeep@gmail.com', '$2y$10$7uyz1Oo0xkBLZiXoPOk3u.l9ZG7jo0brPIqx8VVrJe5/SBdjUHgiC', '757237979970', NULL, NULL, NULL, NULL, 1, '2020-03-14 00:48:20', '2020-03-14 00:48:20'),
(14, 'Nilesh', 'Nilesh@gmail.com', '$2y$10$tQ/O/fJiyCWd1egJ349XZ.fzTMowGDoV3Oofs66yxcouaS881etjG', '327856785785', NULL, NULL, NULL, NULL, 1, '2020-03-17 07:32:54', '2020-03-17 07:32:54'),
(15, 'kumar', 'kumar@gmail.com', '$2y$10$uW5tdUdAj1dt6jVAeAxeHOwtBiR1sqaVFsvaRm9Lq2mf0dgdOud2u', '836258263586', NULL, NULL, NULL, NULL, 1, '2020-03-17 07:34:20', '2020-03-17 07:34:20'),
(16, 'Nitu', 'Nitu@gmail.com', '$2y$10$fuh/XwZ1SEzdt/TEbA.DJOixoFuxoNYgIdMA7QNk5K1fhObytwH8e', '329462686898', NULL, NULL, NULL, NULL, 1, '2020-03-18 02:46:22', '2020-03-18 02:46:22'),
(17, 'akhilesh', 'akhilesh@gmail.com', '$2y$10$HCkIGmUzKnzM5WBC9w1wcuylXKFF/1NoPjVafoGTFXQPi9FKASmHC', '632862596823', NULL, NULL, NULL, NULL, 1, '2020-03-18 02:47:33', '2020-03-18 02:47:33'),
(18, 'Test', 'mshra.rishabh@outlook.com', '$2y$10$6ZQVxQj6rt8.FVD.4wWBH.quN15m2qprCPBD9W8N..jbW.FOjMPEi', '9997111728', NULL, NULL, NULL, NULL, 1, '2020-03-18 07:14:05', '2020-03-18 07:14:05'),
(19, 'soy', 'soy@gmail.com', '$2y$10$Hf5qwPCg5ZeD4/6myIWotuqiqgmnyuMxV8ojUPQongBzwDOm9vCdO', '783675635639', NULL, NULL, NULL, NULL, 1, '2020-03-19 08:34:04', '2020-03-19 08:34:04'),
(20, 'Ravi', 'Ravi@gmail.com', '$2y$10$znl4KuX5XYo.w78kLUPnOexRZd0z/9VSLg0l5LLKchE95h7f9IjQK', '486399584358', NULL, NULL, NULL, NULL, 1, '2020-03-20 06:42:34', '2020-03-20 06:42:34'),
(21, 'Kishan', 'Kishan@gmail.com', '$2y$10$HkwX7dG1JGQP0qWhUBfFRefj9pCeL3d4cPqNepT2TY3BO1wSh5kMO', '235435643796', NULL, NULL, NULL, NULL, 1, '2020-03-20 07:01:50', '2020-03-20 07:01:50'),
(22, 'Ankit', 'Ankit@gmail.com', '$2y$10$fXEQi64Z2ZhcLqCOACb.wuvXG2I7MkJmS4OE2dMQbjxrfjqzgnnzy', '436798635435', NULL, NULL, NULL, NULL, 1, '2020-03-20 07:17:58', '2020-03-20 07:17:58'),
(23, 'GIrish', 'GIrish@gmail.com', '$2y$10$hBN/vO.G/xuGmQXwvYw.0elIPA2jdJ16stJwfRGwB73Q5vfs6zHJK', '864325843278', NULL, NULL, NULL, NULL, 1, '2020-03-22 23:42:20', '2020-03-22 23:42:20'),
(24, 'Suresh', 'Suresh345@gmail.com', '$2y$10$yTt45SVe4fwgtW9541QJJeM6QrB/55eqE1AafTIJHRuGA1IWnWTWm', '658682685686', NULL, NULL, NULL, NULL, 1, '2020-04-04 10:42:21', '2020-04-04 10:42:21');

-- --------------------------------------------------------

--
-- Table structure for table `customization_activities`
--

CREATE TABLE `customization_activities` (
  `id` int(11) NOT NULL,
  `activity_type` varchar(300) NOT NULL,
  `activity_name` varchar(300) NOT NULL,
  `tourFreq` varchar(255) DEFAULT NULL,
  `origin` varchar(255) DEFAULT NULL,
  `group_currency` varchar(255) DEFAULT NULL,
  `pax_currency` varchar(255) DEFAULT NULL,
  `group_costs` varchar(5000) DEFAULT NULL,
  `pax_costs` varchar(5000) DEFAULT NULL,
  `group_TotalCosts` varchar(255) DEFAULT NULL,
  `group_TotalCommission` varchar(255) DEFAULT NULL,
  `pax_TotalCosts` varchar(255) DEFAULT NULL,
  `pax_TotalCommission` varchar(255) DEFAULT NULL,
  `description` varchar(300) DEFAULT NULL,
  `activities_details` varchar(10000) DEFAULT NULL,
  `time_duration` varchar(300) NOT NULL,
  `distance` varchar(300) DEFAULT NULL,
  `status` int(11) NOT NULL DEFAULT 1,
  `created_at` timestamp NOT NULL DEFAULT current_timestamp(),
  `updated_at` timestamp NOT NULL DEFAULT current_timestamp()
) ENGINE=InnoDB DEFAULT CHARSET=latin1;

--
-- Dumping data for table `customization_activities`
--

INSERT INTO `customization_activities` (`id`, `activity_type`, `activity_name`, `tourFreq`, `origin`, `group_currency`, `pax_currency`, `group_costs`, `pax_costs`, `group_TotalCosts`, `group_TotalCommission`, `pax_TotalCosts`, `pax_TotalCommission`, `description`, `activities_details`, `time_duration`, `distance`, `status`, `created_at`, `updated_at`) VALUES
(1, '5', 'Island  Hopping', 'Govinda ssd', 'north  America', 'IDR', 'USD', '[{\"group_component\":\"Lunch\",\"group_cost\":\"340,000\",\"group_maxpax\":\"2\",\"group_beneficiary\":\"Ringoo\",\"group_commission\":\"300,000\"}]', '[{\"pax_component\":\"Dinner\",\"pax_cost\":\"800,000\",\"pax_min_age\":\"23\",\"pax_beneficiary\":\"Ringoo\",\"pax_commission\":\"700,000\"}]', '340000', '300000', '800000', '700000', NULL, '[{\"label\":\"Island Hopping:\",\"html\":\"<ul>\\n\\t<li><em>sfresf<\\/em><\\/li>\\n<\\/ul>\"},{\"label\":\"Includes :\",\"html\":\"<ol>\\n\\t<li><strong>fesf<\\/strong><\\/li>\\n<\\/ol>\"},{\"label\":\"Does not include :\",\"html\":\"<ul>\\n\\t<li><u>sfewrew<\\/u><\\/li>\\n<\\/ul>\"},{\"label\":\"my Details\",\"html\":\"<ul>\\n\\t<li>\\n\\t<h3>sefesrr<\\/h3>\\n\\t<\\/li>\\n<\\/ul>\"}]', '12', NULL, 1, '2020-04-03 13:55:58', '2020-04-03 13:58:55'),
(2, '5', 'Leebong island', 'Govinda ssd', 'Indoneshiya', 'INR', 'EUR', '[{\"group_component\":\"lunch\",\"group_cost\":\"3,400\",\"group_maxpax\":\"3\",\"group_beneficiary\":\"Ringgo\",\"group_commission\":\"3,000\"}]', '[{\"pax_component\":\"Dinner\",\"pax_cost\":\"23,457\",\"pax_min_age\":\"23\",\"pax_beneficiary\":\"Ringggo\",\"pax_commission\":\"23,231\"}]', '3400', '3000', '23457', '23231', NULL, '[{\"label\":\"Island Hopping:\",\"html\":\"<p>sdfsefsdfdsfsdf<\\/p>\"},{\"label\":\"Includes :\",\"html\":\"<p>sdfsf<\\/p>\"},{\"label\":\"Does not include :\",\"html\":\"<p>sdfsdf<\\/p>\"}]', '7', NULL, 1, '2020-04-03 14:01:03', '2020-04-03 14:01:26'),
(3, '5', 'West Belitung And beaches', 'Govinda ssd', 'Indoneshiya', 'INR', 'EUR', '[{\"group_component\":\"lunch\",\"group_cost\":\"3,400\",\"group_maxpax\":\"3\",\"group_beneficiary\":\"Ringgo\",\"group_commission\":\"3,000\"}]', '[{\"pax_component\":\"Dinner\",\"pax_cost\":\"23,457\",\"pax_min_age\":\"23\",\"pax_beneficiary\":\"Ringggo\",\"pax_commission\":\"23,231\"}]', '3400', '3000', '23457', '23231', NULL, '[{\"label\":\"Island Hopping:\",\"html\":\"<p>sdfsefsdfdsfsdf<\\/p>\"},{\"label\":\"Includes :\",\"html\":\"<p>sdfsf<\\/p>\"},{\"label\":\"Does not include :\",\"html\":\"<p>sdfsdf<\\/p>\"}]', '7', NULL, 1, '2020-04-03 14:01:03', '2020-04-03 14:01:26'),
(4, '5', 'East Belitungs\r\n', 'Govinda ssd', 'Indoneshiya', 'INR', 'EUR', '[{\"group_component\":\"lunch\",\"group_cost\":\"3,400\",\"group_maxpax\":\"3\",\"group_beneficiary\":\"Ringgo\",\"group_commission\":\"3,000\"}]', '[{\"pax_component\":\"Dinner\",\"pax_cost\":\"23,457\",\"pax_min_age\":\"23\",\"pax_beneficiary\":\"Ringggo\",\"pax_commission\":\"23,231\"}]', '3400', '3000', '23457', '23231', NULL, '[{\"label\":\"Island Hopping:\",\"html\":\"<p>sdfsefsdfdsfsdf<\\/p>\"},{\"label\":\"Includes :\",\"html\":\"<p>sdfsf<\\/p>\"},{\"label\":\"Does not include :\",\"html\":\"<p>sdfsdf<\\/p>\"}]', '7', NULL, 1, '2020-04-03 14:01:03', '2020-04-03 14:01:26'),
(5, '5', 'South  Belitungs', 'Govinda ssd', 'Indoneshiya', 'INR', 'EUR', '[{\"group_component\":\"lunch\",\"group_cost\":\"3,400\",\"group_maxpax\":\"3\",\"group_beneficiary\":\"Ringgo\",\"group_commission\":\"3,000\"}]', '[{\"pax_component\":\"Dinner\",\"pax_cost\":\"23,457\",\"pax_min_age\":\"23\",\"pax_beneficiary\":\"Ringggo\",\"pax_commission\":\"23,231\"}]', '3400', '3000', '23457', '23231', NULL, '[{\"label\":\"Island Hopping:\",\"html\":\"<p>sdfsefsdfdsfsdf<\\/p>\"},{\"label\":\"Includes :\",\"html\":\"<p>sdfsf<\\/p>\"},{\"label\":\"Does not include :\",\"html\":\"<p>sdfsdf<\\/p>\"}]', '7', NULL, 1, '2020-04-03 14:01:03', '2020-04-03 14:01:26'),
(6, '5', 'Tarsiers encounters', 'Govinda ssd', 'Indoneshiya', 'INR', 'EUR', '[{\"group_component\":\"lunch\",\"group_cost\":\"3,400\",\"group_maxpax\":\"3\",\"group_beneficiary\":\"Ringgo\",\"group_commission\":\"3,000\"}]', '[{\"pax_component\":\"Dinner\",\"pax_cost\":\"23,457\",\"pax_min_age\":\"23\",\"pax_beneficiary\":\"Ringggo\",\"pax_commission\":\"23,231\"}]', '3400', '3000', '23457', '23231', NULL, '[{\"label\":\"Island Hopping:\",\"html\":\"<p>sdfsefsdfdsfsdf<\\/p>\"},{\"label\":\"Includes :\",\"html\":\"<p>sdfsf<\\/p>\"},{\"label\":\"Does not include :\",\"html\":\"<p>sdfsdf<\\/p>\"}]', '7', NULL, 1, '2020-04-03 14:01:03', '2020-04-03 14:01:26'),
(7, '5', 'Mangrove day tour', 'Govinda ssd', 'Indoneshiya', 'INR', 'EUR', '[{\"group_component\":\"lunch\",\"group_cost\":\"3,400\",\"group_maxpax\":\"3\",\"group_beneficiary\":\"Ringgo\",\"group_commission\":\"3,000\"}]', '[{\"pax_component\":\"Dinner\",\"pax_cost\":\"23,457\",\"pax_min_age\":\"23\",\"pax_beneficiary\":\"Ringggo\",\"pax_commission\":\"23,231\"}]', '3400', '3000', '23457', '23231', NULL, '[{\"label\":\"Island Hopping:\",\"html\":\"<p>sdfsefsdfdsfsdf<\\/p>\"},{\"label\":\"Includes :\",\"html\":\"<p>sdfsf<\\/p>\"},{\"label\":\"Does not include :\",\"html\":\"<p>sdfsdf<\\/p>\"}]', '7', NULL, 1, '2020-04-03 14:01:03', '2020-04-03 14:01:26'),
(8, '5', 'Night river cruise', 'Govinda ssd', 'Indoneshiya', 'INR', 'EUR', '[{\"group_component\":\"lunch\",\"group_cost\":\"3,400\",\"group_maxpax\":\"3\",\"group_beneficiary\":\"Ringgo\",\"group_commission\":\"3,000\"}]', '[{\"pax_component\":\"Dinner\",\"pax_cost\":\"23,457\",\"pax_min_age\":\"23\",\"pax_beneficiary\":\"Ringggo\",\"pax_commission\":\"23,231\"}]', '3400', '3000', '23457', '23231', NULL, '[{\"label\":\"Island Hopping:\",\"html\":\"<p>sdfsefsdfdsfsdf<\\/p>\"},{\"label\":\"Includes :\",\"html\":\"<p>sdfsf<\\/p>\"},{\"label\":\"Does not include :\",\"html\":\"<p>sdfsdf<\\/p>\"}]', '7', NULL, 1, '2020-04-03 14:01:03', '2020-04-03 14:01:26'),
(9, '5', 'Seliu island', 'Govinda ssd', 'Mangoliya', 'INR', 'EUR', '[{\"group_component\":\"Lunch\",\"group_cost\":\"45,000\",\"group_maxpax\":\"3\",\"group_beneficiary\":\"Ringgo\",\"group_commission\":\"40,000\"}]', '[{\"pax_component\":\"Dinner\",\"pax_cost\":\"80,000\",\"pax_min_age\":\"23\",\"pax_beneficiary\":\"Ringgo\",\"pax_commission\":\"70,000\"}]', '45000', '40000', '80000', '70000', NULL, '[{\"label\":\"Island Hopping:\",\"html\":\"<ul>\\n\\t<li><em>island hopping<\\/em><\\/li>\\n<\\/ul>\"},{\"label\":\"Includes :\",\"html\":\"<ol>\\n\\t<li><u>include section<\\/u><\\/li>\\n<\\/ol>\"},{\"label\":\"Does not include :\",\"html\":\"<blockquote>\\n<ul>\\n\\t<li>\\n\\t<h2>does not include Section contents<\\/h2>\\n\\t<\\/li>\\n<\\/ul>\\n<\\/blockquote>\"},{\"label\":\"Do not&nbsp; matter&nbsp;\",\"html\":\"<ul>\\n\\t<li><strong>do not matter contents section<\\/strong><\\/li>\\n<\\/ul>\"}]', '5', NULL, 1, '2020-04-04 10:33:15', '2020-04-04 10:36:30'),
(10, '2', 'Airport transfer to hotel / home', NULL, NULL, NULL, NULL, NULL, NULL, NULL, NULL, NULL, NULL, 'ertert', NULL, '6', '34', 1, '2020-04-04 10:19:50', '2020-04-04 10:19:50'),
(11, '2', 'Airport transfer from hotel / home', NULL, NULL, NULL, NULL, NULL, NULL, NULL, NULL, NULL, NULL, 'fdsds', NULL, '7', '23', 1, '2020-04-04 10:20:10', '2020-04-04 10:20:10'),
(12, '2', 'Car rental ( with Driver )', NULL, NULL, NULL, NULL, NULL, NULL, NULL, NULL, NULL, NULL, 'cdsfsfsd', NULL, '4', '242', 1, '2020-04-04 10:20:32', '2020-04-04 10:20:32'),
(13, '2', 'Car rental ( self Drive )', NULL, NULL, NULL, NULL, NULL, NULL, NULL, NULL, NULL, NULL, 'fsdf', NULL, '9', '45', 1, '2020-04-04 10:20:53', '2020-04-04 10:20:53'),
(14, '2', 'Motorbike rental', NULL, NULL, NULL, NULL, NULL, NULL, NULL, NULL, NULL, NULL, 'sfdfs', NULL, '7', '34', 1, '2020-04-04 10:21:19', '2020-04-04 10:21:19'),
(15, '4', 'Meter taxi', NULL, NULL, NULL, NULL, NULL, NULL, NULL, NULL, NULL, NULL, 'cdsfsdf', NULL, '14', '34', 1, '2020-04-04 10:22:09', '2020-04-04 10:22:09'),
(16, '4', 'Fixed price', NULL, NULL, NULL, NULL, NULL, NULL, NULL, NULL, NULL, NULL, 'dsfs', NULL, '11', '45', 1, '2020-04-04 10:22:31', '2020-04-04 10:22:31');

-- --------------------------------------------------------

--
-- Table structure for table `customization_activities_types`
--

CREATE TABLE `customization_activities_types` (
  `id` int(11) NOT NULL,
  `title` varchar(300) NOT NULL,
  `description` varchar(600) NOT NULL,
  `status` int(11) NOT NULL DEFAULT 1,
  `created_at` timestamp NOT NULL DEFAULT current_timestamp(),
  `updated_at` timestamp NOT NULL DEFAULT current_timestamp()
) ENGINE=InnoDB DEFAULT CHARSET=latin1;

--
-- Dumping data for table `customization_activities_types`
--

INSERT INTO `customization_activities_types` (`id`, `title`, `description`, `status`, `created_at`, `updated_at`) VALUES
(2, 'Transport', 'Description of Transport', 1, '2020-01-21 05:39:50', '2020-02-03 12:13:35'),
(4, 'Taxi', 'this is a new DESC', 1, '2020-02-03 06:50:49', '2020-02-03 12:14:16'),
(5, 'Tours', 'DeSC Tours', 1, '2020-02-03 11:44:15', '2020-02-03 12:13:53');

-- --------------------------------------------------------

--
-- Table structure for table `drivers`
--

CREATE TABLE `drivers` (
  `id` int(11) NOT NULL,
  `type` varchar(50) NOT NULL,
  `rate` varchar(50) NOT NULL,
  `name` varchar(100) NOT NULL,
  `email` varchar(100) NOT NULL,
  `phone` varchar(40) NOT NULL,
  `image` varchar(400) NOT NULL,
  `address` varchar(400) NOT NULL,
  `latitude` varchar(200) NOT NULL,
  `longitude` varchar(200) NOT NULL,
  `license_no` varchar(100) NOT NULL,
  `join_date` varchar(50) NOT NULL,
  `status` int(11) NOT NULL DEFAULT 1,
  `created_at` timestamp NOT NULL DEFAULT current_timestamp(),
  `updated_at` timestamp NOT NULL DEFAULT current_timestamp()
) ENGINE=InnoDB DEFAULT CHARSET=latin1;

--
-- Dumping data for table `drivers`
--

INSERT INTO `drivers` (`id`, `type`, `rate`, `name`, `email`, `phone`, `image`, `address`, `latitude`, `longitude`, `license_no`, `join_date`, `status`, `created_at`, `updated_at`) VALUES
(1, 'contract', 'daily', 'Akram', 'Akram@augurs.in', '7658682529', '1580122081.png', 'Lucknow - Agra Expressway, Khargua, Deeg, Uttar Pradesh, India', '26.9097795', '79.2322001', 'HKJH9879HGG89', '2019-01-30', 1, '2020-01-27 05:18:01', '2020-03-07 07:54:22'),
(2, 'contract', 'daily', 'Ashish', 'Ashish@gmail.com', '4243658643', '1580122239.jpg', 'NH934, Sagar Cantt., Sagar, Madhya Pradesh 470003, India', '23.8462942', '78.775325', 'HHK987978MBNMBMi', '2034-03-24', 1, '2020-01-27 05:20:39', '2020-03-07 07:59:06'),
(3, 'contract', 'daily', 'Nitesh', 'Nitesh@gmail.com', '7254782198', '1580124074.jpg', 'Dhar Jalsu, Himachal Pradesh 176324, India', '32.2008732', '76.675922', 'sg787BBBN686', '2019-02-04', 1, '2020-01-27 05:51:14', '2020-02-26 01:38:58');

-- --------------------------------------------------------

--
-- Table structure for table `driver_documents`
--

CREATE TABLE `driver_documents` (
  `id` int(11) NOT NULL,
  `driver_id` varchar(300) NOT NULL,
  `document_type` varchar(300) NOT NULL,
  `document_title` varchar(300) DEFAULT NULL,
  `documents` varchar(300) NOT NULL,
  `status` int(11) NOT NULL DEFAULT 1,
  `created_at` timestamp NOT NULL DEFAULT current_timestamp(),
  `updated_at` timestamp NOT NULL DEFAULT current_timestamp()
) ENGINE=InnoDB DEFAULT CHARSET=latin1;

--
-- Dumping data for table `driver_documents`
--

INSERT INTO `driver_documents` (`id`, `driver_id`, `document_type`, `document_title`, `documents`, `status`, `created_at`, `updated_at`) VALUES
(1, '1', 'application/pdf', NULL, '20200127104814.pdf', 1, '2020-01-27 05:18:14', '2020-01-27 05:18:14'),
(2, '1', 'image/jpeg', NULL, '20200127104814.jpg', 1, '2020-01-27 05:18:14', '2020-02-21 08:23:30'),
(3, '2', 'image/jpeg', 'pradeep kumar', '20200127105049.jpg', 1, '2020-01-27 05:20:49', '2020-01-29 07:24:24'),
(4, '2', 'application/pdf', NULL, '20200127105404.pdf', 0, '2020-01-27 05:24:04', '2020-01-29 04:12:22'),
(5, '2', 'image/jpeg', 'my Docs Image', '20200127105404.jpg', 1, '2020-01-27 05:24:04', '2020-02-06 05:50:57'),
(6, '2', 'application/pdf', NULL, '20200127115536.pdf', 0, '2020-01-27 06:25:36', '2020-01-27 07:39:28'),
(7, '3', 'image/jpeg', NULL, '20200127121451.jpg', 0, '2020-01-27 06:44:51', '2020-01-27 06:55:21'),
(8, '3', 'image/jpeg', NULL, '20200127122619.jpg', 0, '2020-01-27 06:56:19', '2020-01-27 06:56:47'),
(9, '3', 'image/jpeg', NULL, '20200127122619.jpg', 0, '2020-01-27 06:56:19', '2020-01-27 06:56:36'),
(10, '3', 'application/pdf', NULL, '20200127122620.pdf', 0, '2020-01-27 06:56:20', '2020-02-06 00:01:38'),
(11, '2', 'application/pdf', 'My resume', '20200129094243.pdf', 1, '2020-01-29 04:12:43', '2020-01-29 07:17:05'),
(12, '2', 'image/jpeg', NULL, '20200129130259.jpg', 0, '2020-01-29 07:32:59', '2020-01-29 07:40:59'),
(13, '2', 'image/jpeg', NULL, '20200129130958.jpg', 0, '2020-01-29 07:39:58', '2020-01-29 07:40:53'),
(14, '2', 'image/jpeg', NULL, '20200129131108.jpg', 0, '2020-01-29 07:41:08', '2020-01-29 07:42:18'),
(15, '2', 'image/jpeg', NULL, '20200129131202.jpg', 0, '2020-01-29 07:42:02', '2020-01-29 07:42:16'),
(16, '2', 'image/jpeg', 'tyyj', '20200129131228.jpg', 1, '2020-01-29 07:42:28', '2020-01-29 08:14:01'),
(17, '2', 'application/pdf', NULL, '20200129134414.pdf', 0, '2020-01-29 08:14:14', '2020-01-29 08:19:11'),
(18, '2', 'image/jpeg', NULL, '20200129134521.jpg', 0, '2020-01-29 08:15:21', '2020-01-29 08:19:09'),
(19, '2', 'image/jpeg', NULL, '20200129134741.jpg', 0, '2020-01-29 08:17:41', '2020-01-29 08:19:07'),
(20, '2', 'image/jpeg', NULL, '20200129134921.jpg', 0, '2020-01-29 08:19:21', '2020-01-29 08:20:06'),
(21, '2', 'image/jpeg', NULL, '20200129134937.jpg', 0, '2020-01-29 08:19:37', '2020-01-29 08:20:02'),
(22, '2', 'image/jpeg', 'Gallery', '20200129135219.jpg', 1, '2020-01-29 08:22:20', '2020-02-06 05:50:43'),
(23, '3', 'image/png', 'GH', '20200206053146.png', 1, '2020-02-06 00:01:46', '2020-02-06 00:02:07'),
(24, '3', 'application/pdf', 'PDF', '20200206053146.pdf', 1, '2020-02-06 00:01:46', '2020-02-11 05:10:36'),
(25, '3', 'image/jpeg', 'SS', '20200206053146.jpg', 1, '2020-02-06 00:01:46', '2020-02-11 05:35:11'),
(26, '3', 'application/pdf', NULL, '20200211104109.pdf', 0, '2020-02-11 05:11:09', '2020-02-11 05:33:50'),
(27, '3', 'image/jpeg', NULL, '20200211105838.jpg', 0, '2020-02-11 05:28:38', '2020-02-11 05:33:47'),
(28, '3', 'application/pdf', NULL, '20200211110402.pdf', 1, '2020-02-11 05:34:02', '2020-02-11 05:38:26'),
(29, '3', 'image/jpeg', NULL, '20200211110658.jpg', 1, '2020-02-11 05:36:58', '2020-02-11 05:38:27'),
(30, '12', 'image/jpeg', NULL, '20200211110658.jpg', 1, '2020-02-11 05:36:58', '2020-02-11 05:38:27');

-- --------------------------------------------------------

--
-- Table structure for table `failed_jobs`
--

CREATE TABLE `failed_jobs` (
  `id` bigint(20) UNSIGNED NOT NULL,
  `connection` text COLLATE utf8mb4_unicode_ci NOT NULL,
  `queue` text COLLATE utf8mb4_unicode_ci NOT NULL,
  `payload` longtext COLLATE utf8mb4_unicode_ci NOT NULL,
  `exception` longtext COLLATE utf8mb4_unicode_ci NOT NULL,
  `failed_at` timestamp NOT NULL DEFAULT current_timestamp()
) ENGINE=InnoDB DEFAULT CHARSET=utf8mb4 COLLATE=utf8mb4_unicode_ci;

-- --------------------------------------------------------

--
-- Table structure for table `flights`
--

CREATE TABLE `flights` (
  `id` int(11) NOT NULL,
  `flight_no` varchar(300) DEFAULT NULL,
  `service_provider` varchar(300) DEFAULT NULL,
  `flight_to` varchar(300) DEFAULT NULL,
  `flight_from` varchar(300) DEFAULT NULL,
  `time` varchar(300) DEFAULT NULL,
  `status` int(11) NOT NULL DEFAULT 1,
  `created_at` timestamp NOT NULL DEFAULT current_timestamp(),
  `updated_at` timestamp NOT NULL DEFAULT current_timestamp()
) ENGINE=InnoDB DEFAULT CHARSET=latin1;

--
-- Dumping data for table `flights`
--

INSERT INTO `flights` (`id`, `flight_no`, `service_provider`, `flight_to`, `flight_from`, `time`, `status`, `created_at`, `updated_at`) VALUES
(1, 'HJ7877XX', 'IndiGo', 'Lucknow', 'Gorakhpur', '03:00 PM', 1, '2020-01-29 04:01:18', '2020-01-29 04:03:58'),
(2, 'BNM787mnbSK', 'AirAsia India', 'Ambalika', 'Gorakhpur', '10:45 AM', 1, '2020-02-07 23:48:49', '2020-02-07 23:48:49'),
(3, 'NJKH89HJK7979797', 'Quikjet Airlines', 'Faizabad', 'Lucknow', '05:45 PM', 1, '2020-03-07 06:49:25', '2020-03-07 06:49:25'),
(4, 'HJ877VBETE7766B', 'IndiGo', 'Lucknow', 'Faizabad', '09:00 AM', 1, '2020-03-07 06:49:55', '2020-03-07 06:49:55');

-- --------------------------------------------------------

--
-- Table structure for table `migrations`
--

CREATE TABLE `migrations` (
  `id` int(10) UNSIGNED NOT NULL,
  `migration` varchar(191) COLLATE utf8mb4_unicode_ci NOT NULL,
  `batch` int(11) NOT NULL
) ENGINE=InnoDB DEFAULT CHARSET=utf8mb4 COLLATE=utf8mb4_unicode_ci;

--
-- Dumping data for table `migrations`
--

INSERT INTO `migrations` (`id`, `migration`, `batch`) VALUES
(1, '2014_10_12_000000_create_users_table', 1),
(2, '2014_10_12_100000_create_password_resets_table', 1),
(3, '2016_06_01_000001_create_oauth_auth_codes_table', 1),
(4, '2016_06_01_000002_create_oauth_access_tokens_table', 1),
(5, '2016_06_01_000003_create_oauth_refresh_tokens_table', 1),
(6, '2016_06_01_000004_create_oauth_clients_table', 1),
(7, '2016_06_01_000005_create_oauth_personal_access_clients_table', 1),
(8, '2019_08_19_000000_create_failed_jobs_table', 1),
(9, '2020_01_13_071532_create_admins_table', 2),
(10, '2020_01_14_115133_create_taxi_table', 3);

-- --------------------------------------------------------

--
-- Table structure for table `oauth_access_tokens`
--

CREATE TABLE `oauth_access_tokens` (
  `id` varchar(100) COLLATE utf8mb4_unicode_ci NOT NULL,
  `user_id` bigint(20) DEFAULT NULL,
  `client_id` int(10) UNSIGNED NOT NULL,
  `name` varchar(191) COLLATE utf8mb4_unicode_ci DEFAULT NULL,
  `scopes` text COLLATE utf8mb4_unicode_ci DEFAULT NULL,
  `revoked` tinyint(1) NOT NULL,
  `created_at` timestamp NULL DEFAULT NULL,
  `updated_at` timestamp NULL DEFAULT NULL,
  `expires_at` datetime DEFAULT NULL
) ENGINE=InnoDB DEFAULT CHARSET=utf8mb4 COLLATE=utf8mb4_unicode_ci;

--
-- Dumping data for table `oauth_access_tokens`
--

INSERT INTO `oauth_access_tokens` (`id`, `user_id`, `client_id`, `name`, `scopes`, `revoked`, `created_at`, `updated_at`, `expires_at`) VALUES
('28f474b3aa5b0d2f0fd1dd7bc61b105708d53bba58f08bd8fa5c130c2970bd2308f81b4289ce410b', 1, 1, 'token', '[]', 0, '2020-01-11 02:34:20', '2020-01-11 02:34:20', '2021-01-11 08:04:20'),
('34f0900a64cc501bb72b07c4d1b1e80b8e01a6b59f5b4f26bc2db59bafe27aeb4c1707843acc758b', 1, 1, 'token', '[]', 0, '2020-01-11 02:33:24', '2020-01-11 02:33:24', '2021-01-11 08:03:24'),
('3b53abb9f683721a2b194eb6247e9970d943159a962eaa683b85aa6dfdd87c1fcb7ddb50d72c76f4', 1, 1, 'token', '[]', 0, '2020-01-11 02:30:27', '2020-01-11 02:30:27', '2021-01-11 08:00:27'),
('bc938ebc4e1c255f2e51b78f6ffa566cf0679e48e7ea37496c68e544452c8ad5589af0ed01069908', 1, 1, 'token', '[]', 0, '2020-01-11 02:40:01', '2020-01-11 02:40:01', '2021-01-11 08:10:01');

-- --------------------------------------------------------

--
-- Table structure for table `oauth_auth_codes`
--

CREATE TABLE `oauth_auth_codes` (
  `id` varchar(100) COLLATE utf8mb4_unicode_ci NOT NULL,
  `user_id` bigint(20) NOT NULL,
  `client_id` int(10) UNSIGNED NOT NULL,
  `scopes` text COLLATE utf8mb4_unicode_ci DEFAULT NULL,
  `revoked` tinyint(1) NOT NULL,
  `expires_at` datetime DEFAULT NULL
) ENGINE=InnoDB DEFAULT CHARSET=utf8mb4 COLLATE=utf8mb4_unicode_ci;

-- --------------------------------------------------------

--
-- Table structure for table `oauth_clients`
--

CREATE TABLE `oauth_clients` (
  `id` int(10) UNSIGNED NOT NULL,
  `user_id` bigint(20) DEFAULT NULL,
  `name` varchar(191) COLLATE utf8mb4_unicode_ci NOT NULL,
  `secret` varchar(100) COLLATE utf8mb4_unicode_ci DEFAULT NULL,
  `redirect` text COLLATE utf8mb4_unicode_ci NOT NULL,
  `personal_access_client` tinyint(1) NOT NULL,
  `password_client` tinyint(1) NOT NULL,
  `revoked` tinyint(1) NOT NULL,
  `created_at` timestamp NULL DEFAULT NULL,
  `updated_at` timestamp NULL DEFAULT NULL
) ENGINE=InnoDB DEFAULT CHARSET=utf8mb4 COLLATE=utf8mb4_unicode_ci;

--
-- Dumping data for table `oauth_clients`
--

INSERT INTO `oauth_clients` (`id`, `user_id`, `name`, `secret`, `redirect`, `personal_access_client`, `password_client`, `revoked`, `created_at`, `updated_at`) VALUES
(1, NULL, 'Laravel Personal Access Client', 'RMHLhUTjpZgcTgXFIw6bQv8BXs5JG3rjvs7wpaMg', 'http://localhost', 1, 0, 0, '2020-01-11 01:31:36', '2020-01-11 01:31:36'),
(2, NULL, 'Laravel Password Grant Client', 'UjnVmCd7oBd69XxfKMuVrYsFA2gC65i1OJLFGzRp', 'http://localhost', 0, 1, 0, '2020-01-11 01:31:36', '2020-01-11 01:31:36');

-- --------------------------------------------------------

--
-- Table structure for table `oauth_personal_access_clients`
--

CREATE TABLE `oauth_personal_access_clients` (
  `id` int(10) UNSIGNED NOT NULL,
  `client_id` int(10) UNSIGNED NOT NULL,
  `created_at` timestamp NULL DEFAULT NULL,
  `updated_at` timestamp NULL DEFAULT NULL
) ENGINE=InnoDB DEFAULT CHARSET=utf8mb4 COLLATE=utf8mb4_unicode_ci;

--
-- Dumping data for table `oauth_personal_access_clients`
--

INSERT INTO `oauth_personal_access_clients` (`id`, `client_id`, `created_at`, `updated_at`) VALUES
(1, 1, '2020-01-11 01:31:36', '2020-01-11 01:31:36');

-- --------------------------------------------------------

--
-- Table structure for table `oauth_refresh_tokens`
--

CREATE TABLE `oauth_refresh_tokens` (
  `id` varchar(100) COLLATE utf8mb4_unicode_ci NOT NULL,
  `access_token_id` varchar(100) COLLATE utf8mb4_unicode_ci NOT NULL,
  `revoked` tinyint(1) NOT NULL,
  `expires_at` datetime DEFAULT NULL
) ENGINE=InnoDB DEFAULT CHARSET=utf8mb4 COLLATE=utf8mb4_unicode_ci;

-- --------------------------------------------------------

--
-- Table structure for table `password_resets`
--

CREATE TABLE `password_resets` (
  `email` varchar(191) COLLATE utf8mb4_unicode_ci NOT NULL,
  `token` varchar(191) COLLATE utf8mb4_unicode_ci NOT NULL,
  `created_at` timestamp NULL DEFAULT NULL
) ENGINE=InnoDB DEFAULT CHARSET=utf8mb4 COLLATE=utf8mb4_unicode_ci;

-- --------------------------------------------------------

--
-- Table structure for table `pickup_drop_points`
--

CREATE TABLE `pickup_drop_points` (
  `id` int(10) NOT NULL,
  `region` varchar(300) DEFAULT NULL,
  `pick_address` varchar(300) DEFAULT NULL,
  `pick_latitude` varchar(300) DEFAULT NULL,
  `pick_longitude` varchar(300) DEFAULT NULL,
  `address` varchar(300) DEFAULT NULL,
  `status` int(11) DEFAULT 1,
  `created_at` timestamp NOT NULL DEFAULT current_timestamp(),
  `updated_at` timestamp NOT NULL DEFAULT current_timestamp()
) ENGINE=InnoDB DEFAULT CHARSET=latin1;

--
-- Dumping data for table `pickup_drop_points`
--

INSERT INTO `pickup_drop_points` (`id`, `region`, `pick_address`, `pick_latitude`, `pick_longitude`, `address`, `status`, `created_at`, `updated_at`) VALUES
(1, 'mangoliya', 'Simpson Desert SA 5734, Australia', '-26.6790174', '137.4324024', 'delhi  India', 1, '2020-02-17 07:35:33', '2020-02-18 01:22:18'),
(2, 'Mangoliya', '36863, Saudi Arabia', '23.197833', '50.6378804', 'Ahemdabad', 1, '2020-02-17 07:40:20', '2020-03-06 06:44:53'),
(3, 'Indoneshiya', 'Bayan-Undur, Mongolia', '46.4967117', '104.1163657', 'Lucknow', 1, '2020-02-17 07:46:17', '2020-02-18 01:22:20'),
(4, 'rgdfg', 'New Station Square, Master Canteen Area, Kharabela Nagar, Bhubaneswar, Odisha 751001, India', '20.2688695', '85.84312489999999', 'fsdfsd', 1, '2020-02-17 08:25:09', '2020-02-17 08:25:57'),
(5, 'Mangoliya', '1a, Master Canteen Area, Area, Bhubaneswar, Odisha 751001, India', '20.2691569', '85.8423279', 'sqsasa', 1, '2020-03-02 07:52:43', '2020-03-02 07:52:43'),
(6, 'Der', '1a, Master Canteen Area, Area, Bhubaneswar, Odisha 751001, India', '20.2691569', '85.8423279', 'asd', 1, '2020-03-02 07:58:47', '2020-03-02 07:58:47');

-- --------------------------------------------------------

--
-- Table structure for table `taxis`
--

CREATE TABLE `taxis` (
  `id` int(11) NOT NULL,
  `title` varchar(60) NOT NULL,
  `make` varchar(300) NOT NULL,
  `model_year` varchar(300) NOT NULL,
  `category` varchar(300) NOT NULL,
  `model` varchar(80) NOT NULL,
  `taxi_no` varchar(50) NOT NULL,
  `luggage` varchar(45) NOT NULL,
  `seats` varchar(45) NOT NULL,
  `status` int(11) NOT NULL DEFAULT 1,
  `created_at` timestamp NOT NULL DEFAULT current_timestamp(),
  `updated_at` timestamp NOT NULL DEFAULT current_timestamp(),
  `registration_no` varchar(300) NOT NULL
) ENGINE=InnoDB DEFAULT CHARSET=latin1;

--
-- Dumping data for table `taxis`
--

INSERT INTO `taxis` (`id`, `title`, `make`, `model_year`, `category`, `model`, `taxi_no`, `luggage`, `seats`, `status`, `created_at`, `updated_at`, `registration_no`) VALUES
(1, 'Breza', 'BMW', '2000', 'category One', 'Creta 2020', 'YUIY787', '1', '4', 1, '2020-01-17 08:21:07', '2020-01-25 02:03:54', 'JHJ789789787'),
(2, 'Inova', 'Maruti Suzuki', '1998', 'Inovoa JKJu', 'Eeco', 'Up32Oku45', '1', '4', 1, '2020-01-20 04:09:50', '2020-01-24 05:54:02', '9879789877879'),
(3, 'BMW', 'Hyundai', '2002', 'werwe', 'Xcent 2020', 'wrfcbc4543bfdbfh', '1', '43', 1, '2020-01-24 05:50:11', '2020-01-25 02:05:55', '543543bfbfg');

-- --------------------------------------------------------

--
-- Table structure for table `taxi_assign_to_driver`
--

CREATE TABLE `taxi_assign_to_driver` (
  `id` int(11) NOT NULL,
  `role_id` int(11) NOT NULL,
  `user_id` int(11) NOT NULL,
  `taxi_id` longtext CHARACTER SET utf8mb4 COLLATE utf8mb4_bin NOT NULL CHECK (json_valid(`taxi_id`)),
  `driver_id` longtext CHARACTER SET utf8mb4 COLLATE utf8mb4_bin NOT NULL CHECK (json_valid(`driver_id`)),
  `assign_date` date NOT NULL,
  `created_on` timestamp NOT NULL DEFAULT current_timestamp(),
  `updated_on` timestamp NOT NULL DEFAULT current_timestamp()
) ENGINE=InnoDB DEFAULT CHARSET=utf8mb4;

--
-- Dumping data for table `taxi_assign_to_driver`
--

INSERT INTO `taxi_assign_to_driver` (`id`, `role_id`, `user_id`, `taxi_id`, `driver_id`, `assign_date`, `created_on`, `updated_on`) VALUES
(5, 1, 1, '[\"4\",\"3\",\"2\",\"1\"]', '[\"3\",\"2\",\"4\",\"1\"]', '2020-03-28', '2020-03-28 11:25:53', '2020-03-28 11:25:53'),
(6, 1, 1, '[\"4\",\"3\",\"2\",\"1\"]', '[\"4\",\"3\",\"2\",\"0\"]', '2020-03-29', '2020-03-29 15:30:58', '2020-03-29 13:33:28'),
(9, 1, 1, '[\"3\",\"2\",\"1\"]', '[\"1\",\"1\",\"1\"]', '2020-03-30', '2020-03-30 12:57:27', '2020-03-30 08:33:07'),
(12, 1, 1, '[\"3\",\"2\",\"1\"]', '[\"2\",\"3\",\"1\"]', '2020-03-31', '2020-03-31 12:27:48', '2020-03-31 07:33:40'),
(22, 1, 1, '[\"3\",\"2\",\"1\"]', '[\"0\",\"3\",\"1\"]', '2020-04-02', '2020-04-02 06:46:58', '2020-04-02 06:46:58'),
(23, 1, 1, '[\"3\",\"2\",\"1\"]', '[\"3\",\"2\",\"1\"]', '2020-04-04', '2020-04-04 08:06:49', '2020-04-04 10:34:59'),
(25, 1, 1, '[\"3\",\"2\",\"1\"]', '[\"3\",\"2\",\"1\"]', '2020-04-08', '2020-04-07 12:43:18', '2020-04-07 12:43:18'),
(26, 1, 1, '[\"3\",\"2\",\"1\"]', '[\"2\",\"1\",\"3\"]', '2020-04-07', '2020-04-07 12:43:39', '2020-04-07 12:43:39');

-- --------------------------------------------------------

--
-- Table structure for table `taxi_bookings`
--

CREATE TABLE `taxi_bookings` (
  `id` int(11) NOT NULL,
  `booking_id` varchar(300) DEFAULT NULL,
  `taxi_id` varchar(300) DEFAULT NULL,
  `driver_id` varchar(300) DEFAULT NULL,
  `booking_start_date` varchar(300) DEFAULT NULL,
  `booking_end_date` varchar(300) DEFAULT NULL,
  `tour_start_time` varchar(300) DEFAULT NULL,
  `booking_type` varchar(300) DEFAULT NULL,
  `customer_id` varchar(300) DEFAULT NULL,
  `guest_name` varchar(300) DEFAULT NULL,
  `guest_email` varchar(300) DEFAULT NULL,
  `arrival_flight_no` varchar(300) DEFAULT NULL,
  `departure_flight_no` varchar(300) DEFAULT NULL,
  `guest_whatsapp` varchar(300) DEFAULT NULL,
  `guest_details` varchar(300) DEFAULT NULL,
  `no_of_day` varchar(300) DEFAULT NULL,
  `no_of_night` varchar(300) DEFAULT NULL,
  `children_below` varchar(300) DEFAULT NULL,
  `passengers` varchar(300) DEFAULT NULL,
  `start_taxi_meter` varchar(300) DEFAULT NULL,
  `end_taxi_meter` varchar(300) DEFAULT NULL,
  `total_meter` varchar(300) DEFAULT NULL,
  `source_address` varchar(300) DEFAULT NULL,
  `source_latitude` varchar(300) DEFAULT NULL,
  `source_longitude` varchar(300) DEFAULT NULL,
  `destination_address` varchar(300) DEFAULT NULL,
  `destination_latitude` varchar(300) DEFAULT NULL,
  `destination_longitude` varchar(300) DEFAULT NULL,
  `arrival_flight_time` varchar(300) DEFAULT NULL,
  `departure_flight_time` varchar(300) DEFAULT NULL,
  `special_request` varchar(300) DEFAULT NULL,
  `delete_request` int(11) NOT NULL DEFAULT 0,
  `delete_request_by` varchar(30) DEFAULT NULL,
  `delete_reason` varchar(255) DEFAULT NULL,
  `delete_request_action` varchar(255) DEFAULT NULL,
  `delete_request_action_by` varchar(255) DEFAULT NULL,
  `status` int(11) NOT NULL DEFAULT 1,
  `created_by` varchar(255) DEFAULT NULL,
  `updated_by` varchar(255) DEFAULT NULL,
  `created_at` timestamp NOT NULL DEFAULT current_timestamp(),
  `updated_at` timestamp NOT NULL DEFAULT current_timestamp()
) ENGINE=InnoDB DEFAULT CHARSET=latin1;

--
-- Dumping data for table `taxi_bookings`
--

INSERT INTO `taxi_bookings` (`id`, `booking_id`, `taxi_id`, `driver_id`, `booking_start_date`, `booking_end_date`, `tour_start_time`, `booking_type`, `customer_id`, `guest_name`, `guest_email`, `arrival_flight_no`, `departure_flight_no`, `guest_whatsapp`, `guest_details`, `no_of_day`, `no_of_night`, `children_below`, `passengers`, `start_taxi_meter`, `end_taxi_meter`, `total_meter`, `source_address`, `source_latitude`, `source_longitude`, `destination_address`, `destination_latitude`, `destination_longitude`, `arrival_flight_time`, `departure_flight_time`, `special_request`, `delete_request`, `delete_request_by`, `delete_reason`, `delete_request_action`, `delete_request_action_by`, `status`, `created_by`, `updated_by`, `created_at`, `updated_at`) VALUES
(1, 'CAB-03201211-1', NULL, NULL, '2020-03-13', '2020-03-13', '07:30 AM', 'taxi', '3', 'rohan', 'rohan@gmail.com', NULL, NULL, '546546546546', NULL, NULL, NULL, '1', '3', NULL, NULL, NULL, 'Gomti Nagar, Lucknow, Uttar Pradesh, India', '26.8496217', '81.0072193', 'Charbagh, Lucknow, Uttar Pradesh, India', '26.8322933', '80.9214337', NULL, NULL, NULL, 1, '14', 'addad', NULL, NULL, 1, '1', NULL, '2020-03-12 05:39:29', '2020-03-18 06:39:45'),
(2, 'CAB-03201211-2', NULL, NULL, '2020-03-14', '2020-03-14', '10:30 PM', 'taxi', '6', 'noor alam', 'noor_alam@gmnail.com', NULL, NULL, '355346456464', NULL, NULL, NULL, '2', '4', NULL, NULL, NULL, '79, Hazratganj, Lucknow, Uttar Pradesh 226001, India', '26.84769', '80.946246', 'Patrakar Puram Chauraha, Viram Khand 1, Gomti Nagar, Lucknow, Uttar Pradesh', '26.853021', '81.0001092', NULL, NULL, NULL, 1, '12', 'very  Urgent !!!!!', 'cancelled ', '1', 1, '1', '12', '2020-03-12 05:41:00', '2020-03-18 06:38:53'),
(3, 'CAB-03201406-3', NULL, NULL, '2020-03-16', '2020-03-16', '10:00 AM', 'taxi', '5', 'nitin', 'nitin@gmail.com', NULL, NULL, '873648686867', NULL, NULL, NULL, '2', '3', NULL, NULL, NULL, 'Dubai - Al Ain Road - Dubai - United Arab Emirates', '25.0408343', '55.436529', 'Mxico 15, Rinconada del Bosque, Guadalajara, Jalisco, Mexico', '20.6567236', '-103.3883478', NULL, NULL, NULL, 0, '12', 'ASASA', 'cancelled ', '1', 1, '1', NULL, '2020-03-14 01:13:11', '2020-03-18 02:19:01'),
(4, 'CAB-03201406-4', NULL, NULL, '2020-03-18', '2020-03-18', '10:00 AM', 'taxi', '12', 'dinnesh', 'dinnesh@gmail.com', NULL, NULL, '354354356465', NULL, NULL, NULL, '3', '3', NULL, NULL, NULL, 'Gomti Nagar, Lucknow, Uttar Pradesh, India', '26.8496217', '81.0072193', 'Ashiyana, Lucknow, Uttar Pradesh, India', '26.7837459', '80.9191096', NULL, NULL, NULL, 1, '12', 'urgent!', 'approved ', '1', 0, '12', NULL, '2020-03-14 01:29:57', '2020-03-14 01:52:20'),
(5, 'CAB-03201606-5', NULL, NULL, '2020-03-19', '2020-03-19', '04:30 AM', 'taxi', '7', 'rahul', 'rahul@gmail.com', NULL, NULL, '362686969869', NULL, NULL, NULL, '2', '3', NULL, NULL, NULL, 'Dubai - Al Ain Road - Dubai - United Arab Emirates', '25.0408343', '55.436529', '79, Hazratganj, Lucknow, Uttar Pradesh 226001, India', '26.84769', '80.946246', NULL, NULL, NULL, 0, '12', 'sSsQ', 'cancelled ', '1', 1, '1', NULL, '2020-03-16 01:25:37', '2020-03-18 02:35:54'),
(6, 'CAB-03201711-6', NULL, NULL, '2020-03-20', '2020-03-20', '05:45 AM', 'taxi', '3', 'Rohan', 'Rohan@gmail.com', NULL, NULL, '569358689688', NULL, NULL, NULL, '0', '3', NULL, NULL, NULL, 'Gomti Nagar, Lucknow, Uttar Pradesh, India', '26.8496217', '81.0072193', 'Charbagh, Lucknow, Uttar Pradesh, India', '26.8322933', '80.9214337', NULL, NULL, NULL, 1, '12', 'ADAWDQE2QEQfhghfgfd', 'approved ', '1', 0, '1', NULL, '2020-03-17 05:48:23', '2020-03-18 02:23:28'),
(7, 'CAB-03201711-7', NULL, NULL, '2020-03-20', '2020-03-20', '05:45 AM', 'taxi', '3', 'Rohan', 'Rohan@gmail.com', NULL, NULL, '569358689688', NULL, NULL, NULL, '0', '3', NULL, NULL, NULL, 'Gomti Nagar, Lucknow, Uttar Pradesh, India', '26.8496217', '81.0072193', 'Charbagh, Lucknow, Uttar Pradesh, India', '26.8322933', '80.9214337', NULL, NULL, NULL, 1, '12', 'QSQS', 'approved ', '1', 0, '1', NULL, '2020-03-17 05:48:23', '2020-03-18 02:36:18'),
(8, 'CAB-03201701-8', NULL, NULL, '2020-03-21', '2020-03-21', '05:15 AM', 'taxi', '14', 'Nilesh', 'Nilesh@gmail.com', NULL, NULL, '327856785785', NULL, NULL, NULL, '3', '2', NULL, NULL, NULL, '79, Hazratganj, Lucknow, Uttar Pradesh 226001, India', '26.84769', '80.946246', 'Agra, Uttar Pradesh, India', '27.1766701', '78.00807449999999', NULL, NULL, NULL, 1, '12', 'XSAASDADDAD', NULL, NULL, 1, '1', NULL, '2020-03-17 07:32:54', '2020-03-18 02:36:42'),
(9, 'CAB-03201808-9', NULL, NULL, '2020-03-18', '2020-03-18', '04:00 AM', 'taxi', '7', 'rahul', 'rahul@gmail.com', NULL, NULL, '462652659876', NULL, NULL, NULL, '1', '3', NULL, NULL, NULL, 'Jahangir Ganj, Uttar Pradesh, India', '26.4153469', '82.9797246', 'giraiya bazar', '26.409611', '83.0195296', NULL, NULL, NULL, 0, NULL, NULL, NULL, NULL, 1, '12', NULL, '2020-03-18 02:45:01', '2020-03-18 02:45:01'),
(10, 'CAB-03201808-10', NULL, NULL, '2020-03-18', '2020-03-18', '08:45 AM', 'taxi', '16', 'Nitu', 'Nitu@gmail.com', NULL, NULL, '329462686898', NULL, NULL, NULL, '3', '2', NULL, NULL, NULL, 'girayia bazar  Amedkar nagar', '26.4090758', '83.0178145', 'Jahangir Ganj, Uttar Pradesh, India', '26.4153469', '82.9797246', NULL, NULL, NULL, 0, NULL, NULL, NULL, NULL, 1, '12', NULL, '2020-03-18 02:46:22', '2020-03-18 02:46:22'),
(11, 'CAB-03201808-11', NULL, NULL, '2020-03-18', '2020-03-18', '11:00 AM', 'taxi', '17', 'akhilesh', 'akhilesh@gmail.com', NULL, NULL, '632862596823', NULL, NULL, NULL, '1', '4', NULL, NULL, NULL, 'Jahangir Ganj, Uttar Pradesh, India', '26.4153469', '82.9797246', 'Akbarpur, Uttar Pradesh, India', '26.4269869', '82.5331119', NULL, NULL, NULL, 0, NULL, NULL, NULL, NULL, 1, '12', NULL, '2020-03-18 02:47:33', '2020-03-18 02:47:33'),
(12, 'CAB-03202012-12', NULL, NULL, '2020-03-20', '2020-03-20', '05:15 PM', 'taxi', '22', 'Ankit', 'Ankit@gmail.com', NULL, NULL, '436798635435', NULL, NULL, NULL, '4', '5', NULL, NULL, NULL, 'Gomti Nagar, Lucknow, Uttar Pradesh, India', '26.8496217', '81.0072193', 'Charbagh, Lucknow, Uttar Pradesh, India', '26.8322933', '80.9214337', NULL, NULL, NULL, 0, NULL, NULL, NULL, NULL, 1, '12', NULL, '2020-03-20 07:17:58', '2020-03-20 07:17:58');

-- --------------------------------------------------------

--
-- Table structure for table `tour_bookings`
--

CREATE TABLE `tour_bookings` (
  `id` int(11) NOT NULL,
  `booking_id` varchar(300) DEFAULT NULL,
  `taxi_id` varchar(300) DEFAULT NULL,
  `driver_id` varchar(300) DEFAULT NULL,
  `booking_start_date` varchar(300) DEFAULT NULL,
  `booking_end_date` varchar(300) DEFAULT NULL,
  `tour_start_time` varchar(300) DEFAULT NULL,
  `booking_type` varchar(300) DEFAULT NULL,
  `customer_id` varchar(300) DEFAULT NULL,
  `guest_name` varchar(300) DEFAULT NULL,
  `guest_email` varchar(300) DEFAULT NULL,
  `arrival_flight_no` varchar(300) DEFAULT NULL,
  `departure_flight_no` varchar(300) DEFAULT NULL,
  `guest_whatsapp` varchar(300) DEFAULT NULL,
  `guest_details` varchar(300) DEFAULT NULL,
  `no_of_day` varchar(300) DEFAULT NULL,
  `no_of_night` varchar(300) DEFAULT NULL,
  `tour_length` varchar(255) DEFAULT NULL,
  `children_below_3` varchar(300) DEFAULT NULL,
  `children_below_8` varchar(255) DEFAULT NULL,
  `passengers` varchar(300) DEFAULT NULL,
  `start_taxi_meter` varchar(300) DEFAULT NULL,
  `end_taxi_meter` varchar(300) DEFAULT NULL,
  `total_meter` varchar(300) DEFAULT NULL,
  `source_address` varchar(300) DEFAULT NULL,
  `source_latitude` varchar(300) DEFAULT NULL,
  `source_longitude` varchar(300) DEFAULT NULL,
  `destination_address` varchar(300) DEFAULT NULL,
  `destination_latitude` varchar(300) DEFAULT NULL,
  `destination_longitude` varchar(300) DEFAULT NULL,
  `arrival_flight_time` varchar(300) DEFAULT NULL,
  `departure_flight_time` varchar(300) DEFAULT NULL,
  `special_request` varchar(300) DEFAULT NULL,
  `delete_request` int(11) NOT NULL DEFAULT 0,
  `delete_request_by` varchar(30) DEFAULT NULL,
  `delete_reason` varchar(255) DEFAULT NULL,
  `delete_request_action` varchar(255) DEFAULT NULL,
  `delete_request_action_by` varchar(255) DEFAULT NULL,
  `events_data` varchar(5000) DEFAULT NULL,
  `status` int(11) NOT NULL DEFAULT 1,
  `created_by` varchar(255) DEFAULT NULL,
  `updated_by` varchar(255) DEFAULT NULL,
  `created_at` timestamp NOT NULL DEFAULT current_timestamp(),
  `updated_at` timestamp NOT NULL DEFAULT current_timestamp()
) ENGINE=InnoDB DEFAULT CHARSET=latin1;

--
-- Dumping data for table `tour_bookings`
--

INSERT INTO `tour_bookings` (`id`, `booking_id`, `taxi_id`, `driver_id`, `booking_start_date`, `booking_end_date`, `tour_start_time`, `booking_type`, `customer_id`, `guest_name`, `guest_email`, `arrival_flight_no`, `departure_flight_no`, `guest_whatsapp`, `guest_details`, `no_of_day`, `no_of_night`, `tour_length`, `children_below_3`, `children_below_8`, `passengers`, `start_taxi_meter`, `end_taxi_meter`, `total_meter`, `source_address`, `source_latitude`, `source_longitude`, `destination_address`, `destination_latitude`, `destination_longitude`, `arrival_flight_time`, `departure_flight_time`, `special_request`, `delete_request`, `delete_request_by`, `delete_reason`, `delete_request_action`, `delete_request_action_by`, `events_data`, `status`, `created_by`, `updated_by`, `created_at`, `updated_at`) VALUES
(1, 'TOUR-03201211-1', NULL, NULL, '2020-03-12', '2020-03-14', '05:15 AM', 'tour', '11', 'shubham', 'shubham@gmail.com', '2', '1', '856359836598', NULL, NULL, NULL, '2', '4', '2', '2', NULL, NULL, NULL, NULL, NULL, NULL, NULL, NULL, NULL, '10:45 AM', '03:00 PM', '', 0, NULL, NULL, NULL, NULL, NULL, 1, '1', NULL, '2020-03-12 05:36:42', '2020-03-12 05:36:42'),
(2, 'TOUR-03201406-2', NULL, NULL, '2020-03-15', '2020-03-18', '01:45 PM', 'tour', '13', 'Kurudeep', 'Kurudeep@gmail.com', '3', '1', '757237979970', NULL, NULL, NULL, '6', '2', '1', '3', NULL, NULL, NULL, NULL, NULL, NULL, NULL, NULL, NULL, '05:45 PM', '03:00 PM', '', 0, NULL, NULL, NULL, NULL, NULL, 1, '1', NULL, '2020-03-14 00:48:20', '2020-03-14 00:48:20'),
(3, 'TOUR-03201701-3', NULL, NULL, '2020-03-21', '2020-03-22', '06:30 AM', 'tour', '15', 'kumar', 'kumar@gmail.com', '3', '3', '836258263586', NULL, NULL, NULL, '7', '0', '3', '4', NULL, NULL, NULL, NULL, NULL, NULL, NULL, NULL, NULL, '05:45 PM', '05:45 PM', 'fsfs', 0, NULL, NULL, NULL, NULL, NULL, 1, '1', NULL, '2020-03-17 07:34:20', '2020-03-17 07:34:20'),
(4, 'TOUR-03201812-4', NULL, NULL, '2020-03-21', '2020-03-21', '06:00 PM', 'tour', '18', 'Test', 'mshra.rishabh@outlook.com', '', '', '9997111728', NULL, NULL, NULL, '9', '0', '0', '4', NULL, NULL, NULL, NULL, NULL, NULL, NULL, NULL, NULL, '06:00 PM', '06:00 PM', '', 0, NULL, NULL, NULL, NULL, NULL, 1, '1', NULL, '2020-03-18 07:14:05', '2020-03-18 07:14:06'),
(5, 'TOUR-03201902-5', NULL, NULL, '2020-03-22', '2020-03-23', '07:30 AM', 'tour', '19', 'soy', 'soy@gmail.com', '4', '4', '783675635639', NULL, NULL, NULL, '7', '0', '2', '2', NULL, NULL, NULL, NULL, NULL, NULL, NULL, NULL, NULL, '09:00 AM', '09:00 AM', '', 0, NULL, NULL, NULL, NULL, NULL, 1, '12', NULL, '2020-03-19 08:34:04', '2020-03-19 08:34:04'),
(6, 'TOUR-03202012-6', NULL, NULL, '2020-03-23', '2020-03-24', '06:45 AM', 'tour', '20', 'Ravi', 'Ravi@gmail.com', '2', '3', '486399584358', NULL, NULL, NULL, '7', '0', '2', '3', NULL, NULL, NULL, NULL, NULL, NULL, NULL, NULL, NULL, '10:45 AM', '05:45 PM', 'adad', 0, NULL, NULL, NULL, NULL, NULL, 1, '12', NULL, '2020-03-20 06:42:34', '2020-03-20 06:42:34'),
(7, 'TOUR-03202012-7', NULL, NULL, '2020-03-23', '2020-03-26', '06:45 AM', 'tour', '21', 'Kishan', 'Kishan@gmail.com', '4', '3', '235435643796', NULL, NULL, NULL, '6', '0', '2', '4', NULL, NULL, NULL, NULL, NULL, NULL, NULL, NULL, NULL, '09:00 AM', '05:45 PM', 'szczc', 0, NULL, NULL, NULL, NULL, NULL, 1, '12', NULL, '2020-03-20 07:01:50', '2020-03-20 07:01:50'),
(8, 'TOUR-03202305-8', NULL, NULL, '2020-03-20', '2020-03-21', '10:30 AM', 'tour', '23', 'GIrish', 'GIrish@gmail.com', '3', '2', '864325843278', NULL, NULL, NULL, '7', '0', '2', '3', NULL, NULL, NULL, NULL, NULL, NULL, NULL, NULL, NULL, '05:45 PM', '10:45 AM', 'dsfsdf', 0, NULL, NULL, NULL, NULL, NULL, 1, '1', NULL, '2020-03-22 23:42:20', '2020-03-22 23:42:20'),
(9, 'TOUR-03202306-9', NULL, NULL, '2020-03-30', '2020-03-31', '06:30 AM', 'tour', '8', 'rohit', 'rohit@gmail.com', '3', '2', '836858265682', NULL, NULL, NULL, '7', '0', '2', '2', NULL, NULL, NULL, NULL, NULL, NULL, NULL, NULL, NULL, '05:45 PM', '10:45 AM', 'dwwew', 0, NULL, NULL, NULL, NULL, NULL, 1, '1', NULL, '2020-03-23 00:31:36', '2020-03-23 00:31:36'),
(10, 'TOUR-03202512-10', NULL, NULL, '2020-03-29', '2020-04-09', '07:00 AM', 'tour', '2', 'Dinesh', 'Dinesh@gmail.com', '', '', '896436965934', NULL, NULL, NULL, '8', '10', '5', '20', NULL, NULL, NULL, NULL, NULL, NULL, NULL, NULL, NULL, '05:45 PM', '05:45 PM', 'no special request !', 0, NULL, NULL, NULL, NULL, NULL, 1, '1', NULL, '2020-03-25 06:51:15', '2020-03-25 06:51:15'),
(11, 'TOUR-04200404-11', NULL, NULL, '2020-04-09', '2020-04-11', '04:00 PM', 'tour', '24', 'Suresh', 'Suresh345@gmail.com', '2', '3', '658682685686', NULL, NULL, NULL, '2', '2', '4', '23', NULL, NULL, NULL, NULL, NULL, NULL, NULL, NULL, NULL, '10:45 AM', '05:45 PM', 'sdad', 0, NULL, NULL, NULL, NULL, NULL, 1, '1', NULL, '2020-04-04 10:42:21', '2020-04-04 10:42:22'),
(12, 'TOUR-04200612-12', NULL, NULL, '2020-04-12', '2020-04-14', '12:15 PM', 'tour', '2', 'Dinesh', 'Dinesh@gmail.com', '2', '1', '867896899896', NULL, NULL, NULL, '2', '0', '0', '34', NULL, NULL, NULL, NULL, NULL, NULL, NULL, NULL, NULL, '10:45 AM', '03:00 PM', 'dgdfg', 0, NULL, NULL, NULL, NULL, NULL, 1, '1', NULL, '2020-04-06 07:07:13', '2020-04-06 07:07:14'),
(13, 'TOUR-04200810-13', NULL, NULL, '2020-04-24', '2020-04-25', '10:45 AM', 'tour', '14', 'nilesh', 'nilesh@gmail.com', '3', '', '537945734695', NULL, NULL, NULL, '7', '0', '0', '32', NULL, NULL, NULL, NULL, NULL, NULL, NULL, NULL, NULL, '09:00 AM', '10:45 AM', 'fsdfsd', 0, NULL, NULL, NULL, NULL, NULL, 1, '1', NULL, '2020-04-08 05:24:00', '2020-04-08 05:24:00');

-- --------------------------------------------------------

--
-- Table structure for table `tour_lengths`
--

CREATE TABLE `tour_lengths` (
  `id` int(11) NOT NULL,
  `no_of_day` int(255) NOT NULL,
  `no_of_night` int(255) NOT NULL,
  `status` int(11) NOT NULL DEFAULT 1,
  `created_at` timestamp NOT NULL DEFAULT current_timestamp(),
  `updated_at` timestamp NOT NULL DEFAULT current_timestamp()
) ENGINE=InnoDB DEFAULT CHARSET=latin1;

--
-- Dumping data for table `tour_lengths`
--

INSERT INTO `tour_lengths` (`id`, `no_of_day`, `no_of_night`, `status`, `created_at`, `updated_at`) VALUES
(1, 5, 4, 1, '2020-02-19 07:31:53', '2020-02-19 07:56:35'),
(2, 3, 2, 1, '2020-02-19 07:58:56', '2020-02-19 07:58:56'),
(4, 6, 5, 1, '2020-02-19 07:59:08', '2020-02-19 07:59:08'),
(6, 4, 3, 1, '2020-02-19 07:59:23', '2020-02-19 07:59:23'),
(7, 2, 1, 1, '2020-02-19 08:07:14', '2020-02-19 08:07:14'),
(8, 12, 11, 1, '2020-02-19 08:07:27', '2020-02-19 08:07:27'),
(9, 1, 0, 1, '2020-03-07 04:46:48', '2020-03-07 04:46:48');

-- --------------------------------------------------------

--
-- Table structure for table `users`
--

CREATE TABLE `users` (
  `id` bigint(20) UNSIGNED NOT NULL,
  `name` varchar(191) COLLATE utf8mb4_unicode_ci NOT NULL,
  `email` varchar(191) COLLATE utf8mb4_unicode_ci NOT NULL,
  `email_verified_at` timestamp NULL DEFAULT NULL,
  `phone` varchar(255) COLLATE utf8mb4_unicode_ci DEFAULT NULL,
  `password` varchar(191) COLLATE utf8mb4_unicode_ci NOT NULL,
  `confirm_password` varchar(255) COLLATE utf8mb4_unicode_ci DEFAULT NULL,
  `address` varchar(500) COLLATE utf8mb4_unicode_ci DEFAULT NULL,
  `latitude` varchar(255) COLLATE utf8mb4_unicode_ci DEFAULT NULL,
  `longitude` varchar(255) COLLATE utf8mb4_unicode_ci DEFAULT NULL,
  `join_date` varchar(255) COLLATE utf8mb4_unicode_ci DEFAULT NULL,
  `image` varchar(255) COLLATE utf8mb4_unicode_ci DEFAULT NULL,
  `remember_token` varchar(100) COLLATE utf8mb4_unicode_ci DEFAULT NULL,
  `roll_id` varchar(45) COLLATE utf8mb4_unicode_ci DEFAULT '2' COMMENT '1=>admin,2=>employee,3=>manager',
  `status` int(11) NOT NULL DEFAULT 1,
  `created_at` timestamp NULL DEFAULT NULL,
  `updated_at` timestamp NULL DEFAULT NULL
) ENGINE=InnoDB DEFAULT CHARSET=utf8mb4 COLLATE=utf8mb4_unicode_ci;

--
-- Dumping data for table `users`
--

INSERT INTO `users` (`id`, `name`, `email`, `email_verified_at`, `phone`, `password`, `confirm_password`, `address`, `latitude`, `longitude`, `join_date`, `image`, `remember_token`, `roll_id`, `status`, `created_at`, `updated_at`) VALUES
(1, 'Pradeep', 'admin@demo', '2020-01-14 20:48:22', NULL, '$2y$10$Sf2fAOaK4vYGwAUdNpJaDeNY8DZSVHLEP2.3vC90VDg6fHovu1VI6', NULL, NULL, NULL, NULL, '1991-02-10', '20200221121155pm1582287115.png', NULL, '1', 1, '2020-01-11 02:30:26', '2020-01-11 02:30:26'),
(12, 'Pradeep', 'employee@demo', '2020-02-21 00:17:19', '2435345435', '$2y$10$bOCHDfsyQt1vKUYca1amIeGT3dS.R3zuNxYjoPLaGjcsdfO1zWfMe', '$2y$10$bihn07pa06lABDsAapuPn.QrJIz/DvYmfCBSm27uMnOST2YiNbFZ6', 'Durgapuri, Blunt Square, Cash and Pay Colony, Charbagh, Lucknow, Uttar Pradesh 226004, India', '26.833369', '80.9159347', '2020-02-13', '20200221121155pm1582287115.png', NULL, '2', 1, '2020-02-21 00:17:19', '2020-03-12 00:44:34'),
(13, 'shubham', 'shubham@gmail.com', '2020-02-22 02:14:35', '4836696689', '$2y$10$vuIKbvl2Ndx.c4LSOAfooeprL7M1OSNhIZYPqrFoff.QcblSPJoF2', '$2y$10$2KLGsw3FTKaGgdO3eWFr9.Nb5q9IXzqTQbTZcBKX7MVWEvctRjFOy', 'Lal Bangla, Harjinder Nagar, near Sehijal Market, Lal Bungalow, Jajmau Sub Metro City, Kanpur, Uttar Pradesh 208007, India', '26.4178605', '80.38667010000002', '2020-12-11', '20200222074435am1582357475.PNG', NULL, '3', 1, '2020-02-22 02:14:35', '2020-03-12 00:44:46'),
(14, 'Joya', 'manager@demo', '2020-03-02 08:02:55', '4986356986', '$2y$10$HvTGA1t/rYsZ.TkXQEenUO547J9yJ4kJ7.jmaUGwKAXSwDSUlkWo.', '$2y$10$7xIukCcUSjCIjlZnkvhVxeH.bVKm4V5tmV9kCeo1dJjcvzDd4mISe', 'Under central kitchen, Master Canteen Area, Kharabela Nagar, Bhubaneswar, Odisha 751001, India', '20.2690785', '85.8419548', '2000-02-02', '20200302013254pm1583155974.jpg', NULL, '3', 1, '2020-03-02 08:02:55', '2020-03-12 00:44:17');

-- --------------------------------------------------------

--
-- Table structure for table `user_documents`
--

CREATE TABLE `user_documents` (
  `id` int(11) NOT NULL,
  `user_id` varchar(300) NOT NULL,
  `document_type` varchar(300) NOT NULL,
  `document_title` varchar(300) DEFAULT NULL,
  `documents` varchar(300) NOT NULL,
  `status` int(11) NOT NULL DEFAULT 1,
  `created_at` timestamp NOT NULL DEFAULT current_timestamp(),
  `updated_at` timestamp NOT NULL DEFAULT current_timestamp()
) ENGINE=InnoDB DEFAULT CHARSET=latin1;

--
-- Dumping data for table `user_documents`
--

INSERT INTO `user_documents` (`id`, `user_id`, `document_type`, `document_title`, `documents`, `status`, `created_at`, `updated_at`) VALUES
(1, '2', 'application/pdf', 'gh', '20200221134148.pdf', 1, '2020-02-21 08:11:48', '2020-02-21 08:25:35'),
(2, '2', 'image/jpeg', 'rt', '20200221134556.jpg', 1, '2020-02-21 08:15:56', '2020-02-21 08:25:27'),
(3, '2', 'image/png', NULL, '20200221134718.png', 0, '2020-02-21 08:17:18', '2020-02-21 08:23:19'),
(4, '2', 'image/png', NULL, '20200222080641.png', 0, '2020-02-22 02:36:41', '2020-02-22 02:37:20'),
(5, '12', 'image/png', 'Hackers', '20200222095800.png', 1, '2020-02-22 04:28:00', '2020-02-22 04:28:43'),
(6, '12', 'application/pdf', 'Resume', '20200222095800.pdf', 1, '2020-02-22 04:28:00', '2020-02-22 04:28:26'),
(7, '12', 'image/jpeg', 'Gallery', '20200222095800.jpg', 1, '2020-02-22 04:28:00', '2020-02-22 04:28:17'),
(8, '13', 'image/jpeg', NULL, '20200307110203.jpg', 1, '2020-03-07 05:32:04', '2020-03-07 05:32:04'),
(9, '13', 'image/jpeg', NULL, '20200307110203.jpg', 1, '2020-03-07 05:32:04', '2020-03-07 05:32:04'),
(10, '13', 'image/jpeg', NULL, '20200307110204.jpg', 1, '2020-03-07 05:32:04', '2020-03-07 05:32:04'),
(11, '13', 'image/jpeg', NULL, '20200307110204.jpg', 0, '2020-03-07 05:32:04', '2020-03-07 05:32:33'),
(12, '13', 'image/jpeg', NULL, '20200307110204.jpg', 0, '2020-03-07 05:32:04', '2020-03-07 05:32:37'),
(13, '13', 'image/jpeg', NULL, '20200307110204.jpg', 0, '2020-03-07 05:32:04', '2020-03-07 05:32:31'),
(14, '13', 'image/jpeg', NULL, '20200307110204.jpg', 0, '2020-03-07 05:32:04', '2020-03-07 05:32:28'),
(15, '13', 'image/jpeg', NULL, '20200307110205.jpg', 1, '2020-03-07 05:32:05', '2020-03-07 05:32:05'),
(16, '13', 'image/jpeg', NULL, '20200307110310.jpg', 1, '2020-03-07 05:33:10', '2020-03-07 05:33:10'),
(17, '13', 'image/png', NULL, '20200307110310.png', 0, '2020-03-07 05:33:11', '2020-03-07 05:33:40'),
(18, '13', 'image/jpeg', NULL, '20200307110311.jpg', 0, '2020-03-07 05:33:11', '2020-03-07 05:33:32'),
(19, '13', 'image/jpeg', NULL, '20200307110311.jpg', 0, '2020-03-07 05:33:11', '2020-03-07 05:33:34'),
(20, '13', 'image/jpeg', NULL, '20200307110311.jpg', 0, '2020-03-07 05:33:11', '2020-03-07 05:33:26'),
(21, '13', 'image/jpeg', NULL, '20200307110311.jpg', 0, '2020-03-07 05:33:11', '2020-03-07 05:33:38'),
(22, '13', 'image/jpeg', NULL, '20200307110311.jpg', 0, '2020-03-07 05:33:11', '2020-03-07 05:33:23'),
(23, '13', 'image/jpeg', NULL, '20200307110311.jpg', 1, '2020-03-07 05:33:11', '2020-03-07 05:33:11'),
(24, '13', 'image/jpeg', NULL, '20200307110312.jpg', 0, '2020-03-07 05:33:12', '2020-03-07 05:33:46'),
(25, '13', 'image/jpeg', NULL, '20200307110312.jpg', 0, '2020-03-07 05:33:12', '2020-03-07 05:33:44');

--
-- Indexes for dumped tables
--

--
-- Indexes for table `addresses`
--
ALTER TABLE `addresses`
  ADD PRIMARY KEY (`id`);

--
-- Indexes for table `booking_events`
--
ALTER TABLE `booking_events`
  ADD PRIMARY KEY (`id`);

--
-- Indexes for table `contents`
--
ALTER TABLE `contents`
  ADD PRIMARY KEY (`id`);

--
-- Indexes for table `customers`
--
ALTER TABLE `customers`
  ADD PRIMARY KEY (`id`);

--
-- Indexes for table `customization_activities`
--
ALTER TABLE `customization_activities`
  ADD PRIMARY KEY (`id`);

--
-- Indexes for table `customization_activities_types`
--
ALTER TABLE `customization_activities_types`
  ADD PRIMARY KEY (`id`);

--
-- Indexes for table `drivers`
--
ALTER TABLE `drivers`
  ADD PRIMARY KEY (`id`);

--
-- Indexes for table `driver_documents`
--
ALTER TABLE `driver_documents`
  ADD PRIMARY KEY (`id`);

--
-- Indexes for table `failed_jobs`
--
ALTER TABLE `failed_jobs`
  ADD PRIMARY KEY (`id`);

--
-- Indexes for table `flights`
--
ALTER TABLE `flights`
  ADD PRIMARY KEY (`id`);

--
-- Indexes for table `migrations`
--
ALTER TABLE `migrations`
  ADD PRIMARY KEY (`id`);

--
-- Indexes for table `oauth_access_tokens`
--
ALTER TABLE `oauth_access_tokens`
  ADD PRIMARY KEY (`id`),
  ADD KEY `oauth_access_tokens_user_id_index` (`user_id`);

--
-- Indexes for table `oauth_auth_codes`
--
ALTER TABLE `oauth_auth_codes`
  ADD PRIMARY KEY (`id`);

--
-- Indexes for table `oauth_clients`
--
ALTER TABLE `oauth_clients`
  ADD PRIMARY KEY (`id`),
  ADD KEY `oauth_clients_user_id_index` (`user_id`);

--
-- Indexes for table `oauth_personal_access_clients`
--
ALTER TABLE `oauth_personal_access_clients`
  ADD PRIMARY KEY (`id`),
  ADD KEY `oauth_personal_access_clients_client_id_index` (`client_id`);

--
-- Indexes for table `oauth_refresh_tokens`
--
ALTER TABLE `oauth_refresh_tokens`
  ADD PRIMARY KEY (`id`),
  ADD KEY `oauth_refresh_tokens_access_token_id_index` (`access_token_id`);

--
-- Indexes for table `password_resets`
--
ALTER TABLE `password_resets`
  ADD KEY `password_resets_email_index` (`email`);

--
-- Indexes for table `pickup_drop_points`
--
ALTER TABLE `pickup_drop_points`
  ADD PRIMARY KEY (`id`);

--
-- Indexes for table `taxis`
--
ALTER TABLE `taxis`
  ADD PRIMARY KEY (`id`);

--
-- Indexes for table `taxi_assign_to_driver`
--
ALTER TABLE `taxi_assign_to_driver`
  ADD PRIMARY KEY (`id`);

--
-- Indexes for table `taxi_bookings`
--
ALTER TABLE `taxi_bookings`
  ADD PRIMARY KEY (`id`);

--
-- Indexes for table `tour_bookings`
--
ALTER TABLE `tour_bookings`
  ADD PRIMARY KEY (`id`);

--
-- Indexes for table `tour_lengths`
--
ALTER TABLE `tour_lengths`
  ADD PRIMARY KEY (`id`);

--
-- Indexes for table `users`
--
ALTER TABLE `users`
  ADD PRIMARY KEY (`id`),
  ADD UNIQUE KEY `users_email_unique` (`email`);

--
-- Indexes for table `user_documents`
--
ALTER TABLE `user_documents`
  ADD PRIMARY KEY (`id`);

--
-- AUTO_INCREMENT for dumped tables
--

--
-- AUTO_INCREMENT for table `addresses`
--
ALTER TABLE `addresses`
  MODIFY `id` int(11) NOT NULL AUTO_INCREMENT, AUTO_INCREMENT=8;

--
-- AUTO_INCREMENT for table `booking_events`
--
ALTER TABLE `booking_events`
  MODIFY `id` int(11) NOT NULL AUTO_INCREMENT, AUTO_INCREMENT=119;

--
-- AUTO_INCREMENT for table `contents`
--
ALTER TABLE `contents`
  MODIFY `id` int(11) NOT NULL AUTO_INCREMENT, AUTO_INCREMENT=26;

--
-- AUTO_INCREMENT for table `customers`
--
ALTER TABLE `customers`
  MODIFY `id` int(11) NOT NULL AUTO_INCREMENT, AUTO_INCREMENT=25;

--
-- AUTO_INCREMENT for table `customization_activities`
--
ALTER TABLE `customization_activities`
  MODIFY `id` int(11) NOT NULL AUTO_INCREMENT, AUTO_INCREMENT=18;

--
-- AUTO_INCREMENT for table `customization_activities_types`
--
ALTER TABLE `customization_activities_types`
  MODIFY `id` int(11) NOT NULL AUTO_INCREMENT, AUTO_INCREMENT=6;

--
-- AUTO_INCREMENT for table `drivers`
--
ALTER TABLE `drivers`
  MODIFY `id` int(11) NOT NULL AUTO_INCREMENT, AUTO_INCREMENT=4;

--
-- AUTO_INCREMENT for table `driver_documents`
--
ALTER TABLE `driver_documents`
  MODIFY `id` int(11) NOT NULL AUTO_INCREMENT, AUTO_INCREMENT=31;

--
-- AUTO_INCREMENT for table `failed_jobs`
--
ALTER TABLE `failed_jobs`
  MODIFY `id` bigint(20) UNSIGNED NOT NULL AUTO_INCREMENT;

--
-- AUTO_INCREMENT for table `flights`
--
ALTER TABLE `flights`
  MODIFY `id` int(11) NOT NULL AUTO_INCREMENT, AUTO_INCREMENT=5;

--
-- AUTO_INCREMENT for table `migrations`
--
ALTER TABLE `migrations`
  MODIFY `id` int(10) UNSIGNED NOT NULL AUTO_INCREMENT, AUTO_INCREMENT=11;

--
-- AUTO_INCREMENT for table `oauth_clients`
--
ALTER TABLE `oauth_clients`
  MODIFY `id` int(10) UNSIGNED NOT NULL AUTO_INCREMENT, AUTO_INCREMENT=3;

--
-- AUTO_INCREMENT for table `oauth_personal_access_clients`
--
ALTER TABLE `oauth_personal_access_clients`
  MODIFY `id` int(10) UNSIGNED NOT NULL AUTO_INCREMENT, AUTO_INCREMENT=2;

--
-- AUTO_INCREMENT for table `pickup_drop_points`
--
ALTER TABLE `pickup_drop_points`
  MODIFY `id` int(10) NOT NULL AUTO_INCREMENT, AUTO_INCREMENT=7;

--
-- AUTO_INCREMENT for table `taxis`
--
ALTER TABLE `taxis`
  MODIFY `id` int(11) NOT NULL AUTO_INCREMENT, AUTO_INCREMENT=4;

--
-- AUTO_INCREMENT for table `taxi_assign_to_driver`
--
ALTER TABLE `taxi_assign_to_driver`
  MODIFY `id` int(11) NOT NULL AUTO_INCREMENT, AUTO_INCREMENT=27;

--
-- AUTO_INCREMENT for table `taxi_bookings`
--
ALTER TABLE `taxi_bookings`
  MODIFY `id` int(11) NOT NULL AUTO_INCREMENT, AUTO_INCREMENT=13;

--
-- AUTO_INCREMENT for table `tour_bookings`
--
ALTER TABLE `tour_bookings`
  MODIFY `id` int(11) NOT NULL AUTO_INCREMENT, AUTO_INCREMENT=14;

--
-- AUTO_INCREMENT for table `tour_lengths`
--
ALTER TABLE `tour_lengths`
  MODIFY `id` int(11) NOT NULL AUTO_INCREMENT, AUTO_INCREMENT=10;

--
-- AUTO_INCREMENT for table `users`
--
ALTER TABLE `users`
  MODIFY `id` bigint(20) UNSIGNED NOT NULL AUTO_INCREMENT, AUTO_INCREMENT=15;

--
-- AUTO_INCREMENT for table `user_documents`
--
ALTER TABLE `user_documents`
  MODIFY `id` int(11) NOT NULL AUTO_INCREMENT, AUTO_INCREMENT=26;
COMMIT;

/*!40101 SET CHARACTER_SET_CLIENT=@OLD_CHARACTER_SET_CLIENT */;
/*!40101 SET CHARACTER_SET_RESULTS=@OLD_CHARACTER_SET_RESULTS */;
/*!40101 SET COLLATION_CONNECTION=@OLD_COLLATION_CONNECTION */;
